{
	code: "spear",
	class: "ItemSpear",
	damagedby: ["attacking"],
	tool: "spear",
	behaviors: [{ 
		name: "GroundStorable",
		properties: {
			layout: 'WallHalves',
			wallOffY: 2,
			sprintKey: true,
			selectionBox: { x1: 0, y1: 0, z1: 0, x2: 1, y2: 0.1, z2: 1 },
			collisionBox: { x1: 0, y1: 0, z1: 0, x2: 0, y2: 0, z2: 0 },
		}
	}, { name: "AnimationAuthoritative" }],
	variantgroups: [
		{ code: "type", states: ["generic", "scrap", "boar", "voulge", "fork", "ranseur"] },
		{ code: "material", states: ["chert", "granite", "andesite", "basalt", "obsidian", "peridotite","quartzite","gabbro","diorite", "flint", "scrap", 
												"copper", "tinbronze", "bismuthbronze", "blackbronze", "ornategold", "ornatesilver", "hacking",
												"ruined"
		  ] },
	],
	skipVariants: [
		"spear-generic-ruined",
		"spear-generic-scrap"
	],
	allowedVariants: [
		"spear-generic-*",
		"spear-scrap-scrap",
		"spear-boar-ruined",
		"spear-voulge-ruined",
		"spear-fork-ruined",
		"spear-ranseur-ruined"
	],
	shapeByType: {
		"@spear-generic-(chert|granite|andesite|basalt|obsidian|peridotite|flint|quartzite|gabbro|diorite)": { base: "item/tool/spear/stone" },
		
		"spear-scrap-scrap": { base: "item/tool/spear/scrap" },
		
		"@spear-generic-(copper|tinbronze|bismuthbronze|blackbronze)": { base: "item/tool/spear/copper" },
		"spear-generic-hacking": { base: "item/tool/spear/hacking" },
		"spear-generic-ornategold": { base: "item/tool/spear/ornategold" },
		"spear-generic-ornatesilver": { base: "item/tool/spear/ornatesilver" },
		"*-ruined": { base: "item/tool/spear/ruined/{type}" }
	},
	heldTpIdleAnimation: "spearidle",
	heldRightReadyAnimation: "spearidle",
	heldTpHitAnimation: "spearhit",
	texturesByType: {
		"@spear-generic-(chert|granite|andesite|basalt|obsidian|peridotite|quartzite|gabbro|diorite)": {
			"material": { base: "block/stone/rock/{material}1" },
		},
		"spear-generic-flint": {
			"material": { base: "block/stone/{material}" },
		},
		"spear-@generic-(copper|tinbronze|bismuthbronze|blackbronze)": {
			"material": { base: "block/metal/ingot/{material}" }
		},
		"spear-generic-ornate*": {
		},
		"spear-scrap-scrap": {
		},
		"spear-generic-hacking": {
		},
		"spear-generic-*": {
			"material": { base: "item/tool/material/{material}" },
		}
	},
	attackRange: 3.5,
	attackpowerbytype: {
		"spear-generic-chert": 1.75,
		"spear-generic-quartzite": 2,
		"spear-generic-gabbro": 1.75,
		"spear-generic-diorite": 1.75,
		"spear-generic-granite": 1.75,
		"spear-generic-andesite": 1.75,
		"spear-generic-peridotite": 1.75,
		"spear-generic-basalt": 1.75,
		"spear-generic-flint": 2,
		"spear-generic-obsidian": 2.25,
		"spear-scrap-scrap": 2.75,
		"spear-generic-copper": 2.75,
		"spear-generic-bismuthbronze": 3.25,
		"spear-generic-tinbronze": 3.75,
		"spear-generic-blackbronze": 4,
		"spear-generic-hacking": 4,
		"*-ruined": 4,
		"spear-generic-ornategold": 4.25,
		"spear-generic-ornatesilver": 4.25
	},
	attributes: {
		heldItemPitchFollow: 1,
		groundStorageTransformByType: {
			"spear-generic-ornate*": {
				translation: { x: -0.39, y: 0.72, z: 0.25 },
				rotation: { x: 16, y: 1, z: 90 },
				scale: 0.81
			},
			"spear-generic-hacking": {
				translation: { x: -0.45, y: 0.35, z: 0.2 },
				rotation: { x: 16, y: 1, z: 90 },
				scale: 0.85
			},
			"@spear-generic-(copper|tinbronze|bismuthbronze|blackbronze)": {
				translation: { x: -0.39, y: 0.78, z: 0.235 },
				rotation: { x: 16, y: 1, z: 90 },
				scale: 0.85
			},
			"spear-scrap-scrap": {
				translation: { x: 0, y: 0.25, z: 0.576 },
				rotation: { x: 16, y: 90, z: 90 },
				scale: 0.85
			},
			"spear-boar-ruined": {
				translation: { x: 0, y: 0.65, z: 0.61 },
				rotation: { x: 16, y: 90, z: 90 },
				scale: 0.85
			},
			"spear-voulge-ruined": {
				translation: { x: 0.24, y: 0.65, z: 0.516 },
				rotation: { x: 16, y: 130, z: 90 },
				scale: 0.85
			},
			"spear-fork-ruined": {
				translation: { x: -0.25, y: 0.65, z: 0.11 },
				rotation: { x: 16, y: 0, z: 90 },
				scale: 0.85
			},
			"spear-ranseur-ruined": {
				translation: { x: 0, y: 0.93, z: -0.11 },
				rotation: { x: 16, y: -90, z: 90 },
				scale: 0.85
			},
			"*": {
				translation: { x: 0, y: 0.26, z: 0.616 },
				rotation: { x: 16, y: 90, z: 90 },
				scale: 0.85
			}
		},
		hackingByType: {
			"*-hacking": true
		},
	"__comment": "Thrown damage",
		damageByType: {
			"*-chert": 4,
			"*-quartzite": 5,
			"*-gabbro": 4,
			"*-diorite": 4,
			"*-granite": 4,
			"*-andesite": 4,
			"*-peridotite": 4,
			"*-basalt": 4,
			"*-flint": 5,
			"*-obsidian": 5.25,
			"*-scrap": 5.75,
			"*-copper": 5.75,
			"*-bismuthbronze": 6.5,
			"*-tinbronze": 7.5,
			"*-blackbronze": 8,
			"*-ruined": 8,
			"*-hacking": 7,
			"*-ornategold": 8.25,
			"*-ornatesilver": 8.25
		},
		spearEntityCode: "spear-{type}-{material}",
		handbook: {
			groupBy: ["spear-*"]
		},
		toolrackTransformByType: {
			"spear-scrap-scrap": {
				rotation: { x: 0, y: 1, z: -1 },
				translation: { x: -0.65, y: 0.6, z: 0 },
				scale: 1
			},
			"@spear-generic-(copper|tinbronze|bismuthbronze|blackbronze|ornategold|hacking|ornatesilver)": {
				rotation: { x: 90, y: 1, z: -1 },
				translation: { x: -0.2, y: 0.05, z: 0.5 },
				scale: 1
			},
			"spear-voulge-ruined": {
				translation: { x: -0.35, y: 0.3, z: 0.5 },
				rotation: { x: 60, y: 1, z: -1 }
			},
			"spear-fork-ruined": {
				translation: { x: -0.35, y: -0.27, z: 0.5 },
				rotation: { x: 125, y: 1, z: -1 }
			},
			"spear-ranseur-ruined": {
				translation: { x: -0.14, y: 0.05, z: 0.5 },
				rotation: { x: 89, y: 1, z: -1 }
			},
			"spear-boar-ruined": {
				translation: { x: -0.35, y: 0.05, z: 0.5 },
				rotation: { x: 89, y: 1, z: -1 }
			},
			"*": {
				rotation: { y: 1, z: -1 },
				translation: { x: -0.35, y: 0.5 },
				scale: 1
			}
		}
	},
	durabilitybytype: {
		"*-ruined": 15,
		"spear-generic-chert": 16,
		"spear-generic-quartzite": 24,
		"spear-generic-gabbro": 16,
		"spear-generic-diorite": 16,
		"spear-generic-granite": 16,
		"spear-generic-andesite": 16,
		"spear-generic-basalt": 16,
		"spear-generic-peridotite": 16,
		"spear-generic-obsidian": 45,
		"spear-generic-flint": 32,
		"spear-scrap-scrap": 80,
		"spear-generic-copper": 140,
		"spear-generic-tinbronze": 250,
		"spear-generic-bismuthbronze": 210,
		"spear-generic-blackbronze": 300,
		"spear-generic-hacking": 250,
		"spear-generic-ornategold": 320,
		"spear-generic-ornatesilver": 320
	},
	creativeinventory: { "general": ["*"], "items": ["*"], "tools": ["*"] },
	guiTransformByType: {
		"@spear-generic-(copper|tinbronze|bismuthbronze|blackbronze|ornate-gold|ornate-silver)": {
			translation: { x: 0, y: 0, z: 0 },
			rotation: { x: 33, y: 0, z: -127 },
			origin: { x: 1.29, y: 0.05, z: 0.52 },
			scale: 2.26
		},
		"spear-generic-hacking": {
			translation: { x: 0, y: 0, z: 0 },
			rotation: { x: 23, y: -180, z: -52 },
			origin: { x: 1.43, y: 0, z: 0.52 },
			scale: 2.26
		},
		"spear-scrap-scrap": {
			translation: { x: 0, y: 0, z: 0 },
			rotation: { x: -60, y: 124, z: 6 },
			origin: { x: 1.54, y: 0, z: 0.5 },
			scale: 2.26
		},
		"spear-voulge-ruined": {
			translation: { x: 0, y: 0, z: 0 },
			rotation: { x: -180, y: 128, z: 38 },
			origin: { x: 1.29, y: 0, z: 0.5 },
			scale: 2.26
		},
		"spear-ranseur-ruined": {
			translation: { x: 0, y: 0, z: 0 },
			rotation: { x: -175, y: 140, z: 38 },
			origin: { x: 1.19, y: 0, z: 0.6 },
			scale: 2.26
		},
		"*": {
			translation: { x: 0, y: 0, z: 0 },
			rotation: { x: -60, y: 124, z: 6 },
			origin: { x: 1.19, y: 0, z: 0.5 },
			scale: 2.26
		}
	},
	fpHandTransformByType: {
		"spear-voulge-ruined": {
			translation: { x: 0.1, y: 0.4, z: 0.16 },
			rotation: { x: -82, y: 90, z: 96 },
			origin: { x: 0.5, y: 0, z: 0.5 },
			scale: 2.45
		},
		"*": {
			translation: { x: 0.1, y: 0.4, z: 0.16 },
			rotation: { x: -82, y: 180, z: 96 },
			origin: { x: 0.5, y: 0, z: 0.5 },
			scale: 2.45
		}
	},
	groundTransformByType: {
		"spear-scrap-scrap":
			{
				translation: { x: 0, y: 0.05, z: 0 },
				rotation: { x: 0, y: 0, z: 0 },
				origin: { x: 0.5, y: 0, z: 0.5 },
				scale: 3.4
			},
		"spear-voulge-ruined": {
			translation: { x: 0, y: 0.05, z: 0 },
			rotation: { x: 68, y: 0, z: 0 },
			origin: { x: 0.5, y: 0, z: 0.5 },
			scale: 3.4
		},
		"spear-fork-ruined": {
			translation: { x: 0, y: 0.05, z: 0 },
			rotation: { x: -90, y: 0, z: 0 },
			origin: { x: 0.5, y: 0, z: 0.5 },
			scale: 3.4
		},
		"*":
			{
				translation: { x: 0, y: 0.05, z: 0 },
				rotation: { x: 90, y: 0, z: 0 },
				origin: { x: 0.5, y: 0, z: 0.5 },
				scale: 3.4
			}
	},
	tpHandTransformByType: {
		"spear-scrap-scrap": {
			translation: { x: -1.14, y: 0.01, z: -0.6 },
			rotation: { x: -90, y: 0, z: 0 },
			origin: { x: 0.6, y: 0, z: 0.5 },
			scale: 0.8
		},
		"@spear-generic-(copper|tinbronze|bismuthbronze|blackbronze|hacking)": {
			translation: { x: -1.29, y: 0.03, z: -0.57 },
			rotation: { x: -90, y: 0, z: 0 },
			origin: { x: 0.6, y: 0, z: 0.5 },
			scale: 0.8
		},
		"@spear-generic-(ornategold|ornatesilver)": {
			translation: { x: -1.04, y: 0.02, z: -0.57 },
			rotation: { x: -90, y: 0, z: 0 },
			origin: { x: 0.5, y: 0, z: 0.5 },
			scale: 0.8
		},
		"spear-voulge-ruined": {
			translation: { x: -1.24, y: 0.03, z: -0.61 },
			rotation: { x: 0, y: 0, z: 0 },
			origin: { x: 0.5, y: 0, z: 0.5 },
			scale: 0.8
		},
		"*-ruined": {
			translation: { x: -1.24, y: 0.03, z: -0.61 },
			rotation: { x: -90, y: 0, z: 0 },
			origin: { x: 0.5, y: 0, z: 0.5 },
			scale: 0.8
		},
		"*": {
			translation: { x: -1.29, y: 0.02, z: -0.57 },
			rotation: { x: -90, y: 0, z: 0 },
			origin: { x: 0.5, y: 0, z: 0.5 },
			scale: 0.8
		},
	}
}