[
	{
		"code": "cerussite",
		"triesPerChunk": 22,
		"withOreMap": true,
		"handbookPage": "item-nugget-cerussite",
		"generator": "disc-followsurface",
		"attributes": {
			"inblock": { "code": "rock-*", "name": "rock", "allowedVariants": ["claystone", "sandstone", "shale", "chalk", "limestone", "chert", "conglomerate", "andesite", "granite", "basalt", "peridotite","rhyolite","diorite","gabbro","mudstone","dolostone","siltstone"] },
			"placeblock": { 
				"code": "ore-*-cerussite-{rock}",
				"name": "grade",
				"allowedVariantsByInBlock": {
					"rock-claystone": ["poor", "medium", "rich"],
					"rock-sandstone": ["poor", "medium", "rich"],
					"rock-shale": ["poor", "medium", "rich", "bountiful"],
					"rock-chalk": ["poor", "medium"],
					"rock-limestone": ["poor", "medium"],
					"rock-chert": ["poor", "medium", "rich", "bountiful"],
					"rock-conglomerate": ["poor", "medium"],
					"rock-andesite": ["poor", "medium", "rich"],
					"rock-granite": ["poor", "medium", "rich", "bountiful"],
					"rock-basalt": ["poor", "medium"],
					"rock-peridotite": ["poor", "medium"],
					"rock-rhyolite":["poor", "medium", "rich", "bountiful"],
					"rock-diorite":["poor", "medium", "rich"],
					"rock-gabbro":["poor", "medium"],
					"rock-mudstone":["poor", "medium", "rich"],
					"rock-dolostone":["poor", "medium"],
					"rock-siltstone":["poor", "medium", "rich"]

				}
			},
			"surfaceBlockChance": 0.1,
			"surfaceBlock": {"code": "looseores-cerussite-{rock}-free" },
			"radius": { "dist": "gaussian", "avg": 4, "var": 4 },
			"yPosRel": {"dist": "uniform", "avg": 0.5, "var": 0.4 },
			"thickness": { "dist": "uniform", "avg": 1, "var": 0 }
		}
	}
]