{
	code: "hoehead",
	variantgroups: [
		{ code: "material", states: ["quartzite","diorite","gabbro","chert", "granite", "andesite", "basalt", "obsidian", "peridotite", "flint", "copper", "tinbronze", "bismuthbronze", "blackbronze", "gold", "silver", "iron", "meteoriciron", "steel" ] },
	],
	heldTpUseAnimation: "interactstatic", maxstacksize: 4,
	shapeByType: {
		"*-copper": { "base": "item/tool/hoe-copper" },
		"*-tinbronze": { "base": "item/tool/hoe-copper" },
		"*-bismuthbronze": { "base": "item/tool/hoe-copper" },
		"*-blackbronze": { "base": "item/tool/hoe-copper" },
		"*-gold": { "base": "item/tool/hoe-copper" },
		"*-silver": { "base": "item/tool/hoe-copper" },
		"*-iron": { "base": "item/tool/hoe-copper" },
		"*-steel": { "base": "item/tool/hoe-copper" },
		"*-meteoriciron": { "base": "item/tool/hoe-copper" },
		"*": { base: "item/tool/hoe-stone" }
	},
	texturesByType: {
		"hoehead-flint": { 
			"material": { base: "block/stone/flint" },
			"string": { base: "block/transparent" },
			"handle": { base: "block/transparent" }
		},
		"@hoehead-(quartzite|diorite|gabbro|chert|granite|andesite|basalt|obsidian|peridotite)": { 
			"material": { base: "block/stone/rock/{material}1" },
			"string": { base: "block/transparent" },
			"handle": { base: "block/transparent" }
		},
		"*": {
			"material": { base: "block/metal/ingot/{material}" },
			"string": { base: "block/transparent" },
			"handle": { base: "block/transparent" }
		}
	},
	creativeinventory: { "general": ["*"], "items": ["*"] },
	fpHandTransform: {
		translation: { x: -0.3, y: -0.6, z: -0.3 },
		rotation: { x: 37, y: 0, z: 92 },
		scale: 2.5
	},
	guiTransformByType: {
		"@hoehead-(copper|tinbronze|bismuthbronze|blackbronze|iron|meteoriciron|gold|silver|steel)": {
			rotate: false,
			translation: { x: 0, y: 0, z: 0 },
			rotation: { x: -52, y: -131, z: -180 },
			origin: { x: 0.93, y: 0, z: 0.5 },
			scale: 3.76
		},
		"*": {
			rotate: false,
			translation: { x: 0, y: 0, z: 0 },
			rotation: { x: -63, y: -128, z: -131 },
			origin: { x: 1, y: 0, z: 0.46 },
			scale: 3.76
		}
	},
	groundTransform: {
		translation: { x: 0, y: -0.28, z: 0 },
		rotation: { x: 0, y: 0, z: 180 },
		origin: { x: 0.9, y: 0.43, z: 0.37 },
		scale: 4
	},
	tpHandTransform: {
		translation: { x: -0.4, y: -1, z: -0.02 },
		rotation: { x: 96, y: -85, z: -8 },
		scale: 1
	}
}