{
	code: "knifeblade",
	variantgroups: [
		{ code: "material", states: ["quartzite","diorite","gabbro","chert", "granite", "andesite", "basalt", "obsidian", "peridotite", "flint", "copper", "tinbronze", "bismuthbronze", "blackbronze", "gold", "silver", "iron", "meteoriciron", "steel" ] },
	],
	heldTpUseAnimation: "interactstatic", maxstacksize: 4,
	shapeByType: {
		"@knifeblade-(copper|tinbronze|bismuthbronze|blackbronze|gold|silver|iron|steel|meteoriciron)": { "base": "item/tool/knife/copper" },
		"*": { base: "item/tool/knife/stoneblade" },
	},
	texturesByType: {
		"knifeblade-flint": { 
			"material": { base: "block/stone/flint" }
		},
		"@knifeblade-(quartzite|diorite|gabbro|chert|flint|granite|andesite|basalt|obsidian|peridotite)": {
			"material": { base: "block/stone/rock/{material}1" }
		},
		"*": {
			"material": { base: "block/metal/ingot/{material}" },
			"string": { base: "block/transparent" },
			"handle": { base: "block/transparent" }
		}
	},
	creativeinventory: { "general": ["*"], "items": ["*"] },
	fpHandTransformByType: {
		"@knifeblade-(quartzite|diorite|gabbro|flint|granite|andesite|basalt|obsidian|peridotite)": {
			translation: { x: 0.1, y: 0.2, z: 0.4 },
			rotation: { x: -20, y: 71, z: 61 },
			scale: 2.77
		},
		"*": {
			translation: { x: 0.1, y: 0.4, z: 0.4 },
			rotation: { x: -20, y: 71, z: 61 },
			scale: 2.77
		}
	},
	guiTransformByType: {
		"@knifeblade-(quartzite|diorite|gabbro|chert|flint|granite|andesite|basalt|obsidian|peridotite)": {
			rotate: false,
			translation: { x: 0, y: 0, z: 0 },
			rotation: { x: -8, y: -152, z: 142 },
			origin: { x: 0.49, y: 0.06, z: 0.56 },
			scale: 3.4
		},
		"*": {
			translation: { x: 3, y: 0, z: 0 },
			rotation: { x: -8, y: -152, z: 142 },
			origin: { x: 0.53, y: 0.05, z: 0.4 },
			scale: 3.53
		}
	},
	groundTransform: {
		translation: { x: 0, y: 0, z: 0 },
		rotation: { x: 90, y: 0, z: 0 },
		origin: { x: 0.5, y: 0, z: 0.55 },
		scale: 3.5
	},
	tpHandTransformByType: {
		"@knifeblade-(quartzite|diorite|gabbro|chert|flint|granite|andesite|basalt|obsidian|peridotite)": {
			translation: { x: -0.74, y: -0.11, z: -0.48 },
			rotation: { x: 0, y: 0, z: -10 },
			scale: 1
		},
		"*": {
			translation: { x: -0.54, y: -0.08, z: -0.48 },
			rotation: { x: 0, y: 0, z: -10 },
			scale: 1
		}
	}
}