{
	code: "spearhead",
	variantgroups: [
		{ code: "material", states: ["quartzite","diorite","gabbro","chert", "granite", "andesite", "basalt", "obsidian", "peridotite", "flint", "copper", "tinbronze", "bismuthbronze", "blackbronze"] },
	],
	heldTpUseAnimation: "interactstatic", maxstacksize: 4,
	shapeByType: {
		"spearhead-chert": { base: "item/tool/spear/stone" },
		"spearhead-quartzite": { base: "item/tool/spear/stone" },
		"spearhead-diorite": { base: "item/tool/spear/stone" },
		"spearhead-gabbro": { base: "item/tool/spear/stone" },
		"spearhead-granite": { base: "item/tool/spear/stone" },
		"spearhead-andesite": { base: "item/tool/spear/stone" },
		"spearhead-basalt": { base: "item/tool/spear/stone" },
		"spearhead-obsidian": { base: "item/tool/spear/stone" },
		"spearhead-peridotite": { base: "item/tool/spear/stone" },
		"spearhead-flint": { base: "item/tool/spear/stone" },
		
		"spearhead-copper": { base: "item/tool/spear/spearhead-metal" },
		
		"spearhead-tinbronze": { base: "item/tool/spear/spearhead-metal" },
		"spearhead-bismuthbronze": { base: "item/tool/spear/spearhead-metal" },
		"spearhead-blackbronze": { base: "item/tool/spear/spearhead-metal" }
	},
	texturesByType: {
		"spearhead-quartzite": {
			"material": { base: "block/stone/rock/{material}1" },
			"string": { base: "block/transparent" },
			"handle": { base: "block/transparent" },
		},
		"spearhead-gabbro": {
			"material": { base: "block/stone/rock/{material}1" },
			"string": { base: "block/transparent" },
			"handle": { base: "block/transparent" },
		},
		"spearhead-diorite": {
			"material": { base: "block/stone/rock/{material}1" },
			"string": { base: "block/transparent" },
			"handle": { base: "block/transparent" },
		},
		"spearhead-chert": {
			"material": { base: "block/stone/rock/{material}1" },
			"string": { base: "block/transparent" },
			"handle": { base: "block/transparent" },
		},
		"spearhead-granite": {
			"material": { base: "block/stone/rock/{material}1" },
			"string": { base: "block/transparent" },
			"handle": { base: "block/transparent" },
		},
		"spearhead-andesite": {
			"material": { base: "block/stone/rock/{material}1" },
			"string": { base: "block/transparent" },
			"handle": { base: "block/transparent" },
		},
		"spearhead-basalt": {
			"material": { base: "block/stone/rock/{material}1" },
			"string": { base: "block/transparent" },
			"handle": { base: "block/transparent" },
		},
		"spearhead-obsidian": {
			"material": { base: "block/stone/rock/{material}1" },
			"string": { base: "block/transparent" },
			"handle": { base: "block/transparent" },
		},
		"spearhead-peridotite": {
			"material": { base: "block/stone/rock/{material}1" },
			"string": { base: "block/transparent" },
			"handle": { base: "block/transparent" },
		},
		"spearhead-flint": {
			"material": { base: "block/stone/{material}" },
			"string": { base: "block/transparent" },
			"handle": { base: "block/transparent" },
		},
		"*": {
			"material": { base: "block/metal/ingot/{material}" },
			"string": { base: "block/transparent" },
			"handle": { base: "block/transparent" },
		}
	},
	creativeinventory: { "general": ["*"], "items": ["*"] },
	guiTransformByType: {
		"@*-(copper|tinbronze|bismuthbronze|blackbronze)": {
			translation: { x: 0, y: 0, z: 0 },
			rotation: { x: 43, y: 28, z: -59 },
			origin: { x: 0.45, y: 0.02, z: 0.5 },
			scale: 3.51
		},
		"*": {
			translation: { x: 0, y: 0, z: 0 },
			rotation: { x: -20, y: -130, z: -170 },
			origin: { x: 1.37, y: 0.07, z: 0.51 },
			scale: 4.1
		},
	},
	fpHandTransformByType: {
		"@*-(copper|tinbronze|bismuthbronze|blackbronze)": {
			translation: { x: 0, y: 0, z: 0 },
			rotation: { x: -23, y: 127, z: 81 },
			origin: { x: 0.5, y: 0.06, z: 0.51 },
			scale: 2.5
		}, 
		"*": {
			translation: { x: -0.5, y: 0, z: 0 },
			rotation: { x: -23, y: 30, z: 79 },
			origin: { x: 1.28, y: 0, z: 0.52 },
			scale: 2.5
		}
	},
	tpHandTransformByType: {
		"@*-(copper|tinbronze|bismuthbronze|blackbronze)": {
			translation: { x: -0.8, y: -0.1, z: -0.6 },
			rotation: { x: -19, y: -22, z: -22 },
			origin: { x: 0.5, y: 0, z: 0.5 },
			scale: 0.82
		},
		"*": {
			translation: { x: -1.5, y: 0, z: -0.6 },
			rotation: { x: -51, y: -22, z: -22 },
			origin: { x: 1.25, y: 0, z: 0.5 },
			scale: 0.82
		}
	},
	groundTransformByType: {
		"@*-(copper|tinbronze|bismuthbronze|blackbronze)": {
			translation: { x: 0, y: 0, z: 0 },
			rotation: { x: 90, y: -5, z: 0 },
			origin: { x: 0.5, y: 0.05, z: 0.52 },
			scale: 4.63
		},
		"*": {
			translation: { x: 0, y: 0, z: 0 },
			rotation: { x: 135, y: 0, z: 0 },
			origin: { x: 1.3, y: 0.05, z: 0.53 },
			scale: 3.56
		}
	}
}