{
	code: "pan",
	class: "BlockPan",
	behaviors: [
		{ name: "SneakPlacing"}, 
		{ name: "UnstableFalling", properties: { attachmentArea: { x1: 5, y1: 0, z1: 5, x2: 10, y2: 0, z2: 10 } }}, 
		{ name: "RightClickPickup"} 
	],
	maxStackSize: 1,
	attributes: {
		panningDrops: {
			"@(bonysoil|bonysoil-.*)": [
				{ type: "item", code: "bone",  chance: { avg: 0.3, var: 0 }  },
				{ type: "item", code: "flaxfibers",  chance: { avg: 0.15, var: 0 }  },
				{ type: "item", code: "arrowhead-flint",  chance: { avg: 0.1, var: 0 }  },
				{ type: "item", code: "arrowhead-copper",  chance: { avg: 0.05, var: 0 }  },
				{ type: "item", code: "gear-rusty",  chance: { avg: 0.025, var: 0 }, dropModbyStat: "rustyGearDropRate"  },
				{ type: "block", code: "bonyremains-ribcage",  chance: { avg: 0.02, var: 0 }  },
				{ type: "item", code: "candle",  chance: { avg: 0.015, var: 0 }  },
				{ type: "item", code: "gem-emerald-rough", attributes: { "potential": "low" },  chance: { avg: 0.01, var: 0 }  },
				{ type: "item", code: "gem-olivine_peridot-rough", attributes: { "potential": "low" },  chance: { avg: 0.01, var: 0 }  },
				{ type: "item", code: "gem-diamond-rough", attributes: { "potential": "low" },  chance: { avg: 0.007, var: 0 }  },
				
				{ type: "item", code: "nugget-nativegold",  chance: { avg: 0.01, var: 0 }  },
				{ type: "item", code: "nugget-nativesilver",  chance: { avg: 0.01, var: 0 }  },
				{ type: "item", code: "spearhead-copper",  chance: { avg: 0.01, var: 0 }  },
				
				{ type: "item", code: "lore-book-aged-brickred", attributes: { category: "tobias" }, chance: { avg: 0.0035, var: 0 }  },
				{ type: "item", code: "lore-book-aged-cherryred", attributes: { category: "research" }, chance: { avg: 0.0035, var: 0 }  },
				{ type: "item", code: "lore-book-aged-darkbeige", attributes: { category: "diaries" }, chance: { avg: 0.0035, var: 0 }  },
				{ type: "item", code: "lore-book-aged-darkgray", attributes: { category: "jonas" }, chance: { avg: 0.0035, var: 0 }  },
				
				{ type: "item", code: "gear-temporal",  chance: { avg: 0.001, var: 0 }  },
				
				{ type: "item", code: "metallamellae-copper",  chance: { avg: 0.002, var: 0 }  },
				{ type: "item", code: "metalchain-copper",  chance: { avg: 0.002, var: 0 }  },
				
				{ type: "item", code: "tuningcylinder-5",  chance: { avg: 0.0006, var: 0 }  },
				{ type: "item", code: "tuningcylinder-8",  chance: { avg: 0.0006, var: 0 }  },
				
				{ type: "item", code: "clothes-neck-golden-necklace",  chance: { avg: 0.0004, var: 0 }  },
				{ type: "item", code: "clothes-neck-bronze-gem-necklace",  chance: { avg: 0.0004, var: 0 }  },
				{ type: "item", code: "clothes-arm-bronze-armlet",  chance: { avg: 0.0016, var: 0 }  },		
				{ type: "item", code: "clothes-arm-silver-chain",  chance: { avg: 0.0004, var: 0 }  },	
				{ type: "item", code: "clothes-head-silver-diadem",  chance: { avg: 0.0004, var: 0 }  },
				{ type: "item", code: "clothes-head-gold-coronet",  chance: { avg: 0.0004, var: 0 }  },
				
				{ type: "item", code: "nugget-nativeplatinum",  chance: { avg: 0.01, var: 0 }  },
			],
			"@(sand|gravel)-.*": [
				{ type: "item", code: "stone-{rocktype}",  chance: { avg: 0.2, var: 0 }  },
				{ type: "item", code: "nugget-nativecopper",  chance: { avg: 0.15, var: 0 }  },
				{ type: "item", code: "flint",  chance: { avg: 0.11, var: 0 }  },
				
				{ type: "item", code: "clay-blue",  chance: { avg: 0.03, var: 0 }  },
				{ type: "item", code: "ore-quartz",  chance: { avg: 0.03, var: 0 }  },
				{ type: "item", code: "nugget-sphalerite",  chance: { avg: 0.02, var: 0 }  },
				
				{ type: "item", code: "arrowhead-flint",  chance: { avg: 0.02, var: 0 }  },
				{ type: "item", code: "arrowhead-copper",  chance: { avg: 0.01, var: 0 }  },

				{ type: "item", code: "spearhead-flint",  chance: { avg: 0.01, var: 0 }  },

				{ type: "item", code: "clearquartz",  chance: { avg: 0.025, var: 0 }  },
				
				{ type: "item", code: "spearhead-copper",  chance: { avg: 0.004, var: 0 }  },
				{ type: "item", code: "gear-rusty",  chance: { avg: 0.006, var: 0 }, dropModbyStat: "rustyGearDropRate"  },
				{ type: "item", code: "nugget-nativegold",  chance: { avg: 0.004, var: 0 }  },
				{ type: "item", code: "nugget-cassiterite",  chance: { avg: 0.0002, var: 0 }  },
				{ type: "item", code: "ore-lapislazuli",  chance: { avg: 0.002, var: 0 }  },
				{ type: "block", code: "metal-parts",  chance: { avg: 0.002, var: 0 }  },
				{ type: "block", code: "metal-scraps",  chance: { avg: 0.002, var: 0 }  },
		
				{ type: "item", code: "clothes-arm-bronze-armlet",  chance: { avg: 0.0008, var: 0 }  },
				{ type: "block", code: "bonyremains-ribcage",  chance: { avg: 0.001, var: 0 }  },
				{ type: "item", code: "gear-temporal",  chance: { avg: 0.0005, var: 0 }  },
				{ type: "item", code: "tuningcylinder-5",  chance: { avg: 0.0002, var: 0 }  },
				{ type: "item", code: "tuningcylinder-8",  chance: { avg: 0.0002, var: 0 }  },
				{ type: "item", code: "clothes-neck-golden-necklace",  chance: { avg: 0.0001, var: 0 }  },
				{ type: "item", code: "clothes-neck-bronze-gem-necklace",  chance: { avg: 0.0001, var: 0 }  },
		
				{ type: "item", code: "clothes-arm-silver-chain",  chance: { avg: 0.0001, var: 0 }  },	
				{ type: "item", code: "clothes-head-silver-diadem",  chance: { avg: 0.0001, var: 0 }  },
				{ type: "item", code: "clothes-head-gold-coronet",  chance: { avg: 0.0001, var: 0 }  },
				
				{ type: "item", code: "nugget-nativesilver",  chance: { avg: 0.008, var: 0 }  },
				{ type: "item", code: "nugget-nativeplatinum",  chance: { avg: 0.004, var: 0 }  },
			]
		}
	},
	variantgroups: [
		{ code: "type", states: ["wooden" ] },
	],
	shape: { base: "block/wood/pan/empty" },
	doNotRenderAtLod2: true,
	blockmaterial: "Wood",
	materialDensity: 450,
	durability: 150,
	randomizeRotations: true,
	sideopaque: { all: false },
	sidesolid: { all: false },
	emitSideAO: { all: false },
	lightAbsorption: 0,
	creativeinventory: { "general": ["*"], "items": ["*"], "tools": ["*"] },
	heldTpIdleAnimation: "holdbothhandslarge", heldTpUseAnimation: "twohandplaceblock",
	heldTpUseAnimation: "panning",
	combustibleProps: {
		burnTemperature: 600,
		burnDuration: 20,
	},
	fpHandTransform: {
		translation: { x: 0.3, y: 0, z: 0 },
		rotation: { x: 15, y: 15, z: 0 },
		scale: 2
	},
	guiTransform: {
		rotate: true,
		translation: { x: 0, y: 0, z: 0 },
		rotation: { x: -25, y: 22, z: 0 },
		origin: { x: 0.53, y: 0.21, z: 0.5 },
		scale: 1.76
	},
	groundTransform: {
		translation: { x: 0, y: 0, z: 0 },
		rotation: { x: 0, y: 18, z: 0 },
		origin: { x: 0.5, y: 0, z: 0.5 },
		scale: 4
	},
	tpHandTransform: {
		translation: { x: -0.71, y: 0, z: -0.44 },
		rotation: { x: 0, y: 18, z: -82 },
		origin: { x: 0.5, y: 0, z: 0.5 },
		scale: 0.8
	},
	collisionSelectionBox: { x1: 0.125, y1: 0, z1: 0.125, x2: 0.875, y2: 0.1875, z2: 0.875 },
	resistance: 1,
	sounds: {
		"place": "block/planks",
		"hit": "block/planks",
		"break": "block/planks",
		"walk": "walk/wood"
	}
}