{
	"editor": {
		"allAngles": false,
		"singleTexture": false
	},
	"textureWidth": 16,
	"textureHeight": 16,
	"textures": {
		"limestone1": "block/stone/rock/limestone1"
	},
	"elements": [
		{
			"name": "straw1",
			"from": [ 4.0, 7.0, 3.0 ], 
			"to": [ 5.0, 16.0, 4.0 ], 
			"faces": {
				"north": { "texture": "#limestone1", "uv": [ 0.0, 0.0, 1.0, 9.0 ] },
				"east": { "texture": "#limestone1", "uv": [ 0.0, 0.0, 1.0, 9.0 ] },
				"south": { "texture": "#limestone1", "uv": [ 0.0, 0.0, 1.0, 9.0 ] },
				"west": { "texture": "#limestone1", "uv": [ 0.0, 0.0, 1.0, 9.0 ] },
				"up": { "texture": "#limestone1", "uv": [ 0.0, 0.0, 1.0, 1.0 ], "enabled": false },
				"down": { "texture": "#limestone1", "uv": [ 0.0, 0.0, 1.0, 1.0 ] }
			}
		},
		{
			"name": "straw2",
			"from": [ 9.0, 5.0, 1.0 ], 
			"to": [ 10.0, 16.0, 2.0 ], 
			"faces": {
				"north": { "texture": "#limestone1", "uv": [ 0.0, 0.0, 1.0, 11.0 ] },
				"east": { "texture": "#limestone1", "uv": [ 0.0, 0.0, 1.0, 11.0 ] },
				"south": { "texture": "#limestone1", "uv": [ 0.0, 0.0, 1.0, 11.0 ] },
				"west": { "texture": "#limestone1", "uv": [ 0.0, 0.0, 1.0, 11.0 ] },
				"up": { "texture": "#limestone1", "uv": [ 0.0, 0.0, 1.0, 1.0 ], "enabled": false },
				"down": { "texture": "#limestone1", "uv": [ 0.0, 0.0, 1.0, 1.0 ] }
			}
		},
		{
			"name": "straw3",
			"from": [ 13.0, 9.0, 6.0 ], 
			"to": [ 14.0, 16.0, 7.0 ], 
			"faces": {
				"north": { "texture": "#limestone1", "uv": [ 0.0, 0.0, 1.0, 7.0 ] },
				"east": { "texture": "#limestone1", "uv": [ 0.0, 0.0, 1.0, 7.0 ] },
				"south": { "texture": "#limestone1", "uv": [ 0.0, 0.0, 1.0, 7.0 ] },
				"west": { "texture": "#limestone1", "uv": [ 0.0, 0.0, 1.0, 7.0 ] },
				"up": { "texture": "#limestone1", "uv": [ 0.0, 0.0, 1.0, 1.0 ], "enabled": false },
				"down": { "texture": "#limestone1", "uv": [ 0.0, 0.0, 1.0, 1.0 ] }
			}
		},
		{
			"name": "straw4",
			"from": [ 14.0, 11.0, 11.0 ], 
			"to": [ 15.0, 16.0, 12.0 ], 
			"faces": {
				"north": { "texture": "#limestone1", "uv": [ 0.0, 0.0, 1.0, 5.0 ] },
				"east": { "texture": "#limestone1", "uv": [ 0.0, 0.0, 1.0, 5.0 ] },
				"south": { "texture": "#limestone1", "uv": [ 0.0, 0.0, 1.0, 5.0 ] },
				"west": { "texture": "#limestone1", "uv": [ 0.0, 0.0, 1.0, 5.0 ] },
				"up": { "texture": "#limestone1", "uv": [ 0.0, 0.0, 1.0, 1.0 ], "enabled": false },
				"down": { "texture": "#limestone1", "uv": [ 0.0, 0.0, 1.0, 1.0 ] }
			}
		},
		{
			"name": "straw5",
			"from": [ 11.0, 8.0, 13.0 ], 
			"to": [ 12.0, 16.0, 14.0 ], 
			"faces": {
				"north": { "texture": "#limestone1", "uv": [ 0.0, 0.0, 1.0, 8.0 ] },
				"east": { "texture": "#limestone1", "uv": [ 0.0, 0.0, 1.0, 8.0 ] },
				"south": { "texture": "#limestone1", "uv": [ 0.0, 0.0, 1.0, 8.0 ] },
				"west": { "texture": "#limestone1", "uv": [ 0.0, 0.0, 1.0, 8.0 ] },
				"up": { "texture": "#limestone1", "uv": [ 0.0, 0.0, 1.0, 1.0 ], "enabled": false },
				"down": { "texture": "#limestone1", "uv": [ 0.0, 0.0, 1.0, 1.0 ] }
			}
		},
		{
			"name": "straw6",
			"from": [ 7.0, 2.0, 10.0 ], 
			"to": [ 8.0, 16.0, 11.0 ], 
			"faces": {
				"north": { "texture": "#limestone1", "uv": [ 0.0, 0.0, 1.0, 14.0 ] },
				"east": { "texture": "#limestone1", "uv": [ 0.0, 0.0, 1.0, 14.0 ] },
				"south": { "texture": "#limestone1", "uv": [ 0.0, 0.0, 1.0, 14.0 ] },
				"west": { "texture": "#limestone1", "uv": [ 0.0, 0.0, 1.0, 14.0 ] },
				"up": { "texture": "#limestone1", "uv": [ 0.0, 0.0, 1.0, 1.0 ], "enabled": false },
				"down": { "texture": "#limestone1", "uv": [ 0.0, 0.0, 1.0, 1.0 ] }
			}
		},
		{
			"name": "straw7",
			"from": [ 5.0, 10.0, 14.0 ], 
			"to": [ 6.0, 16.0, 15.0 ], 
			"faces": {
				"north": { "texture": "#limestone1", "uv": [ 0.0, 0.0, 1.0, 6.0 ] },
				"east": { "texture": "#limestone1", "uv": [ 0.0, 0.0, 1.0, 6.0 ] },
				"south": { "texture": "#limestone1", "uv": [ 0.0, 0.0, 1.0, 6.0 ] },
				"west": { "texture": "#limestone1", "uv": [ 0.0, 0.0, 1.0, 6.0 ] },
				"up": { "texture": "#limestone1", "uv": [ 0.0, 0.0, 1.0, 1.0 ], "enabled": false },
				"down": { "texture": "#limestone1", "uv": [ 0.0, 0.0, 1.0, 1.0 ] }
			}
		},
		{
			"name": "straw9",
			"from": [ 8.0, 4.0, 5.0 ], 
			"to": [ 9.0, 16.0, 6.0 ], 
			"faces": {
				"north": { "texture": "#limestone1", "uv": [ 0.0, 0.0, 1.0, 12.0 ] },
				"east": { "texture": "#limestone1", "uv": [ 0.0, 0.0, 1.0, 12.0 ] },
				"south": { "texture": "#limestone1", "uv": [ 0.0, 0.0, 1.0, 12.0 ] },
				"west": { "texture": "#limestone1", "uv": [ 0.0, 0.0, 1.0, 12.0 ] },
				"up": { "texture": "#limestone1", "uv": [ 0.0, 0.0, 1.0, 1.0 ], "enabled": false },
				"down": { "texture": "#limestone1", "uv": [ 0.0, 0.0, 1.0, 1.0 ] }
			}
		},
		{
			"name": "straw8",
			"from": [ 2.0, 5.0, 8.0 ], 
			"to": [ 3.0, 16.0, 9.0 ], 
			"faces": {
				"north": { "texture": "#limestone1", "uv": [ 0.0, 0.0, 1.0, 11.0 ] },
				"east": { "texture": "#limestone1", "uv": [ 0.0, 0.0, 1.0, 11.0 ] },
				"south": { "texture": "#limestone1", "uv": [ 0.0, 0.0, 1.0, 11.0 ] },
				"west": { "texture": "#limestone1", "uv": [ 0.0, 0.0, 1.0, 11.0 ] },
				"up": { "texture": "#limestone1", "uv": [ 0.0, 0.0, 1.0, 1.0 ], "enabled": false },
				"down": { "texture": "#limestone1", "uv": [ 0.0, 0.0, 1.0, 1.0 ] }
			}
		}
	]}