[
  {
    "op": "add",
    "path": "/attributesByType/stone-diorite",
    "value": {
      "knappable": true,
      "reinforcementStrength": 50,
      "displaycaseable": true,
      "shelvable": true
    },
    "file": "game:itemtypes/resource/stone.json"
  },
  {
    "op": "add",
    "path": "/attributesByType/stone-gabbro",
    "value": {
      "knappable": true,
      "reinforcementStrength": 50,
      "displaycaseable": true,
      "shelvable": true
    },
    "file": "game:itemtypes/resource/stone.json"
  },
  {
    "op": "add",
    "path": "/attributesByType/stone-quartzite",
    "value": {
      "knappable": true,
      "reinforcementStrength": 50,
      "displaycaseable": true,
      "shelvable": true
    },
    "file": "game:itemtypes/resource/stone.json"
  },

  {
    "op": "add",
    "path": "/attributesByType/stone-dolostone",
    "value": {
      "pigment": {
        "name": "Dolo pink",
        "color": {
          "red": 241,
          "green": 206,
          "blue": 189
        }
      },
      "displaycaseable": true,
      "shelvable": true
    },
    "file": "game:itemtypes/resource/stone.json"
  },

  {
    "op": "add",
    "path": "/attributesByType/stone-mudstone",
    "value": {
      "pigment": {
        "name": "Mudstone red",
        "color": {
          "red": 126,
          "green": 61,
          "blue": 49
        }
      },
      "displaycaseable": true,
      "shelvable": true
    },
    "file": "game:itemtypes/resource/stone.json"
  },

  {
    "op": "add",
    "path": "/crushingPropsByType/*-quartzite",
    "value": {
      "crushedStack": {
        "type": "item",
        "code": "crushed-quartz",
        "stacksize": 1
      },
      "hardnessTier": 2
    },
    "file": "game:itemtypes/resource/stone.json"
  },
  {
    "op": "add",
    "path": "/grindingPropsByType/*-dolostone",
    "value": {
      "groundStack": {
        "type": "item",
        "code": "lime",
        "stacksize": 1
      }
    },
    "file": "game:itemtypes/resource/stone.json"
  },
  {
    "op": "add",
    "path": "/crushingPropsByType/*-mudstone",
    "value": {
      "crushedStack": {
        "type": "item",
        "code": "crushed-bauxite",
        "stacksize": 1
      },
      "hardnessTier": 2
    },
    "file": "game:itemtypes/resource/stone.json"
  },


  {
    "file": "game:itemtypes/resource/stone.json",
    "op": "move",
    "frompath": "/attributesByType/*",
    "path": "/hax"
  },
  {
    "file": "game:itemtypes/resource/stone.json",
    "op": "move",
    "frompath": "/hax",
    "path": "/attributesByType/*"
  }
]