{
	"editor": {
		"allAngles": true,
		"entityTextureMode": false
	},
	"textureWidth": 16,
	"textureHeight": 16,
	"textureSizes": {
	},
	"textures": {
		"corundumruby": "item/resource/ungraded/corundumruby"
	},
	"elements": [
		{
			"name": "origin",
			"from": [ 6.8, -0.5, 6.4 ],
			"to": [ 6.8, -0.5, 6.4 ],
			"rotationOrigin": [ 8.0, 0.0, 8.0 ],
			"faces": {
			},
			"children": [
				{
					"name": "Cube10",
					"from": [ 0.8, 0.4, 0.9 ],
					"to": [ 2.4, 2.4, 1.84 ],
					"rotationOrigin": [ 1.6, 0.4, 1.37 ],
					"faces": {
						"east": { "texture": "#corundumruby", "uv": [ 5.5, 7.0, 6.5, 9.0 ], "autoUv": false },
						"west": { "texture": "#corundumruby", "uv": [ 13.0, 4.0, 14.0, 6.0 ], "autoUv": false },
						"up": { "texture": "#corundumruby", "uv": [ 8.5, 6.5, 10.0, 7.5 ], "autoUv": false },
						"down": { "texture": "#corundumruby", "uv": [ 8.0, 5.5, 9.5, 6.5 ], "autoUv": false }
					}
				},
				{
					"name": "Cube11",
					"from": [ 0.8, 0.41, 0.9 ],
					"to": [ 2.4, 2.41, 1.84 ],
					"rotationOrigin": [ 1.6, 0.4, 1.37 ],
					"rotationY": 60.0,
					"faces": {
						"east": { "texture": "#corundumruby", "uv": [ 14.5, 6.0, 15.5, 8.0 ], "autoUv": false },
						"west": { "texture": "#corundumruby", "uv": [ 3.0, 6.0, 4.0, 8.0 ], "autoUv": false },
						"up": { "texture": "#corundumruby", "uv": [ 6.5, 4.0, 8.0, 5.0 ], "autoUv": false },
						"down": { "texture": "#corundumruby", "uv": [ 10.5, 6.5, 12.0, 7.5 ], "autoUv": false }
					}
				},
				{
					"name": "Cube12",
					"from": [ 0.8, 0.42, 0.9 ],
					"to": [ 2.4, 2.42, 1.84 ],
					"rotationOrigin": [ 1.6, 0.4, 1.37 ],
					"rotationY": 120.0,
					"faces": {
						"east": { "texture": "#corundumruby", "uv": [ 5.5, 8.0, 6.5, 10.0 ], "autoUv": false },
						"west": { "texture": "#corundumruby", "uv": [ 13.0, 5.5, 14.0, 7.5 ], "autoUv": false },
						"up": { "texture": "#corundumruby", "uv": [ 6.0, 8.0, 7.5, 9.0 ], "autoUv": false },
						"down": { "texture": "#corundumruby", "uv": [ 7.0, 5.5, 8.5, 6.5 ], "autoUv": false }
					}
				},
				{
					"name": "topmidhexroot",
					"from": [ 1.626, 2.42, 1.355 ],
					"to": [ 1.626, 2.42, 1.355 ],
					"rotationOrigin": [ 1.626, 2.42, 1.355 ],
					"rotationX": -180.0,
					"rotationY": 60.0,
					"rotationZ": -180.0,
					"faces": {
					},
					"children": [
						{
							"name": "Cube2",
							"from": [ -0.6, 0.0, -0.375 ],
							"to": [ 0.6, 0.5, 0.325 ],
							"rotationOrigin": [ 0.0, 0.0, -0.025 ],
							"faces": {
								"east": { "texture": "#corundumruby", "uv": [ 5.5, 6.0, 6.5, 6.5 ], "autoUv": false },
								"west": { "texture": "#corundumruby", "uv": [ 10.5, 7.5, 11.5, 8.0 ], "autoUv": false },
								"up": { "texture": "#corundumruby", "uv": [ 5.0, 3.5, 6.5, 4.5 ], "autoUv": false }
							}
						},
						{
							"name": "Cube3",
							"from": [ -0.6, 0.01, -0.375 ],
							"to": [ 0.6, 0.51, 0.325 ],
							"rotationOrigin": [ 0.0, 0.0, -0.025 ],
							"rotationY": 60.0,
							"faces": {
								"east": { "texture": "#corundumruby", "uv": [ 5.5, 6.0, 6.5, 6.5 ], "autoUv": false },
								"west": { "texture": "#corundumruby", "uv": [ 10.5, 7.5, 11.5, 8.0 ], "autoUv": false },
								"up": { "texture": "#corundumruby", "uv": [ 5.0, 3.5, 6.5, 4.5 ], "autoUv": false }
							}
						},
						{
							"name": "Cube4",
							"from": [ -0.6, 0.0, -0.375 ],
							"to": [ 0.6, 0.5, 0.325 ],
							"rotationOrigin": [ 0.0, 0.0, -0.025 ],
							"rotationY": 120.0,
							"faces": {
								"east": { "texture": "#corundumruby", "uv": [ 5.5, 6.0, 6.5, 6.5 ], "autoUv": false },
								"west": { "texture": "#corundumruby", "uv": [ 10.5, 7.5, 11.5, 8.0 ], "autoUv": false },
								"up": { "texture": "#corundumruby", "uv": [ 5.0, 3.5, 6.5, 4.5 ], "autoUv": false }
							}
						}
					]
				},
				{
					"name": "bottommidhexroot2",
					"from": [ 1.626, 0.42, 1.355 ],
					"to": [ 1.626, 0.42, 1.355 ],
					"rotationOrigin": [ 1.626, 0.42, 1.355 ],
					"rotationX": -180.0,
					"rotationY": 60.0,
					"rotationZ": -180.0,
					"faces": {
					},
					"children": [
						{
							"name": "Cube5",
							"from": [ -0.6, -0.5, -0.375 ],
							"to": [ 0.6, 0.0, 0.325 ],
							"rotationOrigin": [ 0.0, -0.5, -0.025 ],
							"faces": {
								"east": { "texture": "#corundumruby", "uv": [ 5.5, 6.0, 6.5, 6.5 ], "autoUv": false },
								"west": { "texture": "#corundumruby", "uv": [ 10.5, 7.5, 11.5, 8.0 ], "autoUv": false },
								"down": { "texture": "#corundumruby", "uv": [ 6.0, 2.5, 7.5, 3.5 ], "autoUv": false, "windMode": [-1,-1,-1,-1] }
							}
						},
						{
							"name": "Cube6",
							"from": [ -0.6, -0.49, -0.375 ],
							"to": [ 0.6, 0.01, 0.325 ],
							"rotationOrigin": [ 0.0, -0.5, -0.025 ],
							"rotationY": 60.0,
							"faces": {
								"east": { "texture": "#corundumruby", "uv": [ 5.5, 6.0, 6.5, 6.5 ], "autoUv": false },
								"west": { "texture": "#corundumruby", "uv": [ 10.5, 7.5, 11.5, 8.0 ], "autoUv": false },
								"down": { "texture": "#corundumruby", "uv": [ 6.0, 3.5, 7.5, 4.5 ], "autoUv": false, "windMode": [-1,-1,-1,-1] }
							}
						},
						{
							"name": "Cube7",
							"from": [ -0.6, -0.48, -0.375 ],
							"to": [ 0.6, 0.02, 0.325 ],
							"rotationOrigin": [ 0.0, -0.5, -0.025 ],
							"rotationY": 120.0,
							"faces": {
								"east": { "texture": "#corundumruby", "uv": [ 5.5, 6.0, 6.5, 6.5 ], "autoUv": false },
								"west": { "texture": "#corundumruby", "uv": [ 10.5, 7.5, 11.5, 8.0 ], "autoUv": false },
								"down": { "texture": "#corundumruby", "uv": [ 5.0, 2.5, 6.5, 3.5 ], "autoUv": false, "windMode": [-1,-1,-1,-1] }
							}
						}
					]
				},
				{
					"name": "tophexroot3",
					"from": [ 1.626, 2.92, 1.355 ],
					"to": [ 1.626, 2.92, 1.355 ],
					"rotationOrigin": [ 1.626, 2.92, 1.355 ],
					"rotationX": -180.0,
					"rotationY": 60.0,
					"rotationZ": -180.0,
					"faces": {
					},
					"children": [
						{
							"name": "Cube8",
							"from": [ -0.4, 0.0, -0.235 ],
							"to": [ 0.4, 0.5, 0.235 ],
							"faces": {
								"east": { "texture": "#corundumruby", "uv": [ 5.5, 6.0, 6.5, 6.5 ], "autoUv": false },
								"west": { "texture": "#corundumruby", "uv": [ 10.5, 7.5, 11.5, 8.0 ], "autoUv": false },
								"up": { "texture": "#corundumruby", "uv": [ 5.0, 3.5, 6.5, 4.5 ], "autoUv": false }
							}
						},
						{
							"name": "Cube9",
							"from": [ -0.4, 0.01, -0.235 ],
							"to": [ 0.4, 0.51, 0.235 ],
							"rotationOrigin": [ 0.0, 0.0, 0.0 ],
							"rotationY": 60.0,
							"faces": {
								"east": { "texture": "#corundumruby", "uv": [ 5.5, 6.0, 6.5, 6.5 ], "autoUv": false },
								"west": { "texture": "#corundumruby", "uv": [ 10.5, 7.5, 11.5, 8.0 ], "autoUv": false },
								"up": { "texture": "#corundumruby", "uv": [ 5.0, 3.5, 6.5, 4.5 ], "autoUv": false }
							}
						},
						{
							"name": "Cube13",
							"from": [ -0.4, 0.02, -0.235 ],
							"to": [ 0.4, 0.52, 0.235 ],
							"rotationOrigin": [ 0.0, 0.0, 0.0 ],
							"rotationY": 120.0,
							"faces": {
								"east": { "texture": "#corundumruby", "uv": [ 5.5, 6.0, 6.5, 6.5 ], "autoUv": false },
								"west": { "texture": "#corundumruby", "uv": [ 10.5, 7.5, 11.5, 8.0 ], "autoUv": false },
								"up": { "texture": "#corundumruby", "uv": [ 5.0, 3.5, 6.5, 4.5 ], "autoUv": false }
							}
						}
					]
				},
				{
					"name": "tophexroot4",
					"from": [ 1.626, -0.58, 1.355 ],
					"to": [ 1.626, -0.58, 1.355 ],
					"rotationOrigin": [ 1.626, -0.58, 1.355 ],
					"rotationX": -180.0,
					"rotationY": 60.0,
					"rotationZ": -180.0,
					"faces": {
					},
					"children": [
						{
							"name": "Cube14",
							"from": [ -0.4, 0.0, -0.235 ],
							"to": [ 0.4, 0.5, 0.235 ],
							"faces": {
								"east": { "texture": "#corundumruby", "uv": [ 5.5, 6.0, 6.5, 6.5 ], "autoUv": false },
								"west": { "texture": "#corundumruby", "uv": [ 10.5, 7.5, 11.5, 8.0 ], "autoUv": false },
								"down": { "texture": "#corundumruby", "uv": [ 4.0, 3.0, 5.5, 4.0 ], "autoUv": false, "windMode": [-1,-1,-1,-1] }
							}
						},
						{
							"name": "Cube15",
							"from": [ -0.4, 0.0, -0.235 ],
							"to": [ 0.4, 0.5, 0.235 ],
							"rotationOrigin": [ 0.0, 0.0, 0.0 ],
							"rotationY": 60.0,
							"faces": {
								"east": { "texture": "#corundumruby", "uv": [ 5.5, 6.0, 6.5, 6.5 ], "autoUv": false },
								"west": { "texture": "#corundumruby", "uv": [ 10.5, 7.5, 11.5, 8.0 ], "autoUv": false },
								"down": { "texture": "#corundumruby", "uv": [ 8.0, 3.5, 9.5, 4.5 ], "autoUv": false, "windMode": [-1,-1,-1,-1] }
							}
						},
						{
							"name": "Cube16",
							"from": [ -0.4, 0.0, -0.235 ],
							"to": [ 0.4, 0.5, 0.235 ],
							"rotationOrigin": [ 0.0, 0.0, 0.0 ],
							"rotationY": 120.0,
							"faces": {
								"east": { "texture": "#corundumruby", "uv": [ 5.5, 6.0, 6.5, 6.5 ], "autoUv": false },
								"west": { "texture": "#corundumruby", "uv": [ 10.5, 7.5, 11.5, 8.0 ], "autoUv": false },
								"down": { "texture": "#corundumruby", "uv": [ 9.0, 7.5, 10.5, 8.5 ], "autoUv": false, "windMode": [-1,-1,-1,-1] }
							}
						}
					]
				}
			]
		}
	]}