{
	"editor": {
		"allAngles": false,
		"entityTextureMode": false
	},
	"textureWidth": 16,
	"textureHeight": 16,
	"textureSizes": {
	},
	"textures": {
		"garnet-almandine": "item/resource/ungraded/garnet-almandine"
	},
	"elements": [
		{
			"name": "Cube2",
			"from": [ 7.0, 0.7, 6.7 ],
			"to": [ 10.0, 3.7, 9.7 ],
			"rotationOrigin": [ 8.0, 1.7, 7.7 ],
			"rotationX": -45.0,
			"rotationZ": 45.0,
			"faces": {
				"north": { "texture": "#garnet-almandine", "uv": [ 13.0, 12.0, 16.0, 15.0 ] },
				"east": { "texture": "#garnet-almandine", "uv": [ 6.0, 5.5, 9.0, 8.5 ] },
				"south": { "texture": "#garnet-almandine", "uv": [ 12.5, 2.5, 15.5, 5.5 ] },
				"west": { "texture": "#garnet-almandine", "uv": [ 7.0, 6.0, 10.0, 9.0 ] },
				"up": { "texture": "#garnet-almandine", "uv": [ 7.5, 4.5, 10.5, 7.5 ] },
				"down": { "texture": "#garnet-almandine", "uv": [ 7.5, 6.0, 10.5, 9.0 ] }
			}
		},
		{
			"name": "Cube3",
			"from": [ 8.4, 0.7, 7.3 ],
			"to": [ 9.9, 2.2, 8.8 ],
			"rotationOrigin": [ 9.4, 1.7, 8.3 ],
			"rotationX": -20.0,
			"rotationZ": 20.0,
			"faces": {
				"north": { "texture": "#garnet-almandine", "uv": [ 9.0, 10.0, 10.5, 11.5 ] },
				"east": { "texture": "#garnet-almandine", "uv": [ 5.0, 10.5, 6.5, 12.0 ] },
				"south": { "texture": "#garnet-almandine", "uv": [ 10.5, 3.0, 12.0, 4.5 ] },
				"west": { "texture": "#garnet-almandine", "uv": [ 10.0, 9.0, 11.5, 10.5 ] },
				"up": { "texture": "#garnet-almandine", "uv": [ 1.5, 10.5, 3.0, 12.0 ] },
				"down": { "texture": "#garnet-almandine", "uv": [ 6.0, 10.5, 7.5, 12.0 ] }
			}
		},
		{
			"name": "Cube4",
			"from": [ 7.0, -0.3, 4.7 ],
			"to": [ 9.0, 1.7, 6.7 ],
			"rotationOrigin": [ 8.0, 0.7, 5.7 ],
			"rotationX": -29.0,
			"rotationY": -45.0,
			"rotationZ": 30.0,
			"faces": {
				"north": { "texture": "#garnet-almandine", "uv": [ 13.0, 12.0, 15.0, 14.0 ] },
				"east": { "texture": "#garnet-almandine", "uv": [ 6.0, 5.5, 8.0, 7.5 ] },
				"south": { "texture": "#garnet-almandine", "uv": [ 12.5, 2.5, 14.5, 4.5 ] },
				"west": { "texture": "#garnet-almandine", "uv": [ 7.0, 6.0, 9.0, 8.0 ] },
				"up": { "texture": "#garnet-almandine", "uv": [ 7.5, 4.5, 9.5, 6.5 ] },
				"down": { "texture": "#garnet-almandine", "uv": [ 7.5, 6.0, 9.5, 8.0 ] }
			}
		}
	]}