{
	"editor": {
		"allAngles": false,
		"entityTextureMode": false
	},
	"textureWidth": 16,
	"textureHeight": 16,
	"textureSizes": {
	},
	"textures": {
		"spinelred": "item/resource/ungraded/spinelred"
	},
	"elements": [
		{
			"name": "root",
			"from": [ 8.0, 1.8, 8.0 ],
			"to": [ 8.0, 1.8, 8.0 ],
			"rotationOrigin": [ 8.0, 1.8, 8.0 ],
			"faces": {
			},
			"children": [
				{
					"name": "spinelroot",
					"from": [ -0.2, 0.0, 0.0 ],
					"to": [ -0.2, 0.0, 0.0 ],
					"rotationOrigin": [ 0.05, 0.0, 0.0 ],
					"rotationY": -45.0,
					"faces": {
					},
					"children": [
						{
							"name": "Cube6",
							"from": [ 0.0, 0.0, -2.0 ],
							"to": [ 0.5, 2.5, -1.5 ],
							"rotationOrigin": [ 0.25, 0.0, -2.0 ],
							"rotationX": 45.0,
							"faces": {
								"north": { "texture": "#spinelred", "uv": [ 0.0, 0.0, 0.5, 2.5 ] },
								"east": { "texture": "#spinelred", "uv": [ 0.0, 0.0, 0.5, 2.5 ] },
								"south": { "texture": "#spinelred", "uv": [ 0.0, 0.0, 0.5, 2.5 ] },
								"west": { "texture": "#spinelred", "uv": [ 0.0, 0.0, 0.5, 2.5 ] },
								"up": { "texture": "#spinelred", "uv": [ 0.0, 0.0, 0.5, 0.5 ] },
								"down": { "texture": "#spinelred", "uv": [ 0.0, 0.0, 0.5, 0.5 ] }
							}
						},
						{
							"name": "Cube8",
							"from": [ -2.05, 0.0, 0.0 ],
							"to": [ -1.55, 2.5, 0.5 ],
							"rotationOrigin": [ -1.8, 0.0, 0.0 ],
							"rotationX": 90.0,
							"rotationY": 45.0,
							"rotationZ": -90.0,
							"faces": {
								"north": { "texture": "#spinelred", "uv": [ 0.0, 0.0, 0.5, 2.5 ] },
								"east": { "texture": "#spinelred", "uv": [ 0.0, 0.0, 0.5, 2.5 ] },
								"south": { "texture": "#spinelred", "uv": [ 0.0, 0.0, 0.5, 2.5 ] },
								"west": { "texture": "#spinelred", "uv": [ 0.0, 0.0, 0.5, 2.5 ] },
								"up": { "texture": "#spinelred", "uv": [ 0.0, 0.0, 0.5, 0.5 ] },
								"down": { "texture": "#spinelred", "uv": [ 0.0, 0.0, 0.5, 0.5 ] }
							}
						},
						{
							"name": "Cube9",
							"from": [ 0.0, 0.0, 2.0 ],
							"to": [ 0.5, 2.5, 2.5 ],
							"rotationOrigin": [ 0.25, 0.0, 2.0 ],
							"rotationX": 135.0,
							"rotationZ": -180.0,
							"faces": {
								"north": { "texture": "#spinelred", "uv": [ 0.0, 0.0, 0.5, 2.5 ] },
								"east": { "texture": "#spinelred", "uv": [ 0.0, 0.0, 0.5, 2.5 ] },
								"south": { "texture": "#spinelred", "uv": [ 0.0, 0.0, 0.5, 2.5 ] },
								"west": { "texture": "#spinelred", "uv": [ 0.0, 0.0, 0.5, 2.5 ] },
								"up": { "texture": "#spinelred", "uv": [ 0.0, 0.0, 0.5, 0.5 ] },
								"down": { "texture": "#spinelred", "uv": [ 0.0, 0.0, 0.5, 0.5 ] }
							}
						},
						{
							"name": "Cube10",
							"from": [ 2.0, 0.0, 0.0 ],
							"to": [ 2.5, 2.5, 0.5 ],
							"rotationOrigin": [ 2.25, 0.0, 0.0 ],
							"rotationX": 90.0,
							"rotationY": -45.0,
							"rotationZ": 90.0,
							"faces": {
								"north": { "texture": "#spinelred", "uv": [ 0.0, 0.0, 0.5, 2.5 ] },
								"east": { "texture": "#spinelred", "uv": [ 0.0, 0.0, 0.5, 2.5 ] },
								"south": { "texture": "#spinelred", "uv": [ 0.0, 0.0, 0.5, 2.5 ] },
								"west": { "texture": "#spinelred", "uv": [ 0.0, 0.0, 0.5, 2.5 ] },
								"up": { "texture": "#spinelred", "uv": [ 0.0, 0.0, 0.5, 0.5 ] },
								"down": { "texture": "#spinelred", "uv": [ 0.0, 0.0, 0.5, 0.5 ] }
							}
						},
						{
							"name": "Cube11",
							"from": [ 0.2, 1.25, 0.0 ],
							"to": [ 0.7, 1.75, 0.5 ],
							"rotationOrigin": [ 0.45, 1.2, 0.0 ],
							"rotationX": 90.0,
							"rotationY": -90.0,
							"rotationZ": 90.0,
							"faces": {
								"north": { "texture": "#spinelred", "uv": [ 0.0, 0.0, 0.5, 0.5 ] },
								"east": { "texture": "#spinelred", "uv": [ 0.0, 0.0, 0.5, 0.5 ] },
								"south": { "texture": "#spinelred", "uv": [ 0.0, 0.0, 0.5, 0.5 ] },
								"west": { "texture": "#spinelred", "uv": [ 0.0, 0.0, 0.5, 0.5 ] },
								"up": { "texture": "#spinelred", "uv": [ 0.0, 0.0, 0.5, 0.5 ] },
								"down": { "texture": "#spinelred", "uv": [ 0.0, 0.0, 0.5, 0.5 ] }
							}
						},
						{
							"name": "spinelsideroot",
							"from": [ 0.0, 0.0, 0.0 ],
							"to": [ 0.0, 0.0, 0.0 ],
							"rotationOrigin": [ 0.25, 0.0, 0.0 ],
							"rotationY": 45.0,
							"faces": {
							},
							"children": [
								{
									"name": "Cube3",
									"from": [ -0.9, 0.0, -1.5 ],
									"to": [ 1.4, 0.3, -1.5 ],
									"rotationOrigin": [ 0.25, 0.0, -1.5 ],
									"rotationX": 35.0,
									"faces": {
										"north": { "texture": "#spinelred", "uv": [ 0.0, 0.0, 2.0, 0.5 ] },
										"east": { "texture": "#spinelred", "uv": [ 0.0, 0.0, 0.5, 0.5 ] },
										"south": { "texture": "#spinelred", "uv": [ 0.0, 0.0, 2.0, 0.5 ] },
										"west": { "texture": "#spinelred", "uv": [ 0.0, 0.0, 0.5, 0.5 ] },
										"up": { "texture": "#spinelred", "uv": [ 0.0, 0.0, 2.0, 0.5 ] },
										"down": { "texture": "#spinelred", "uv": [ 0.0, 0.0, 2.0, 0.5 ] }
									},
									"children": [
										{
											"name": "Cube4",
											"from": [ 0.1, 0.3, 0.0 ],
											"to": [ 2.2, 0.6, 0.0 ],
											"rotationOrigin": [ 1.25, 0.3, 0.0 ],
											"rotationX": 0.0,
											"faces": {
												"north": { "texture": "#spinelred", "uv": [ 0.0, 0.0, 2.0, 0.5 ] },
												"east": { "texture": "#spinelred", "uv": [ 0.0, 0.0, 0.5, 0.5 ] },
												"south": { "texture": "#spinelred", "uv": [ 0.0, 0.0, 2.0, 0.5 ] },
												"west": { "texture": "#spinelred", "uv": [ 0.0, 0.0, 0.5, 0.5 ] },
												"up": { "texture": "#spinelred", "uv": [ 0.0, 0.0, 2.0, 0.5 ] },
												"down": { "texture": "#spinelred", "uv": [ 0.0, 0.0, 2.0, 0.5 ] }
											}
										},
										{
											"name": "Cube5",
											"from": [ 0.3, 0.6, 0.0 ],
											"to": [ 1.95, 0.9, 0.0 ],
											"rotationOrigin": [ 1.45, 0.6, 0.0 ],
											"rotationX": 0.0,
											"faces": {
												"north": { "texture": "#spinelred", "uv": [ 0.0, 0.0, 1.5, 0.5 ] },
												"east": { "texture": "#spinelred", "uv": [ 0.0, 0.0, 0.5, 0.5 ] },
												"south": { "texture": "#spinelred", "uv": [ 0.0, 0.0, 1.5, 0.5 ] },
												"west": { "texture": "#spinelred", "uv": [ 0.0, 0.0, 0.5, 0.5 ] },
												"up": { "texture": "#spinelred", "uv": [ 0.0, 0.0, 1.5, 0.5 ] },
												"down": { "texture": "#spinelred", "uv": [ 0.0, 0.0, 1.5, 0.5 ] }
											}
										},
										{
											"name": "Cube7",
											"from": [ 0.5, 0.9, 0.0 ],
											"to": [ 1.75, 1.2, 0.0 ],
											"rotationOrigin": [ 1.65, 0.9, 0.0 ],
											"rotationX": 0.0,
											"faces": {
												"north": { "texture": "#spinelred", "uv": [ 0.0, 0.0, 1.0, 0.5 ] },
												"east": { "texture": "#spinelred", "uv": [ 0.0, 0.0, 0.5, 0.5 ] },
												"south": { "texture": "#spinelred", "uv": [ 0.0, 0.0, 1.0, 0.5 ] },
												"west": { "texture": "#spinelred", "uv": [ 0.0, 0.0, 0.5, 0.5 ] },
												"up": { "texture": "#spinelred", "uv": [ 0.0, 0.0, 1.0, 0.5 ] },
												"down": { "texture": "#spinelred", "uv": [ 0.0, 0.0, 1.0, 0.5 ] }
											}
										},
										{
											"name": "Cube12",
											"from": [ 0.7, 1.2, 0.0 ],
											"to": [ 1.6, 1.5, 0.0 ],
											"rotationOrigin": [ 1.85, 1.2, 0.0 ],
											"rotationX": 0.0,
											"faces": {
												"north": { "texture": "#spinelred", "uv": [ 0.0, 0.0, 0.5, 0.5 ] },
												"east": { "texture": "#spinelred", "uv": [ 0.0, 0.0, 0.5, 0.5 ] },
												"south": { "texture": "#spinelred", "uv": [ 0.0, 0.0, 0.5, 0.5 ] },
												"west": { "texture": "#spinelred", "uv": [ 0.0, 0.0, 0.5, 0.5 ] },
												"up": { "texture": "#spinelred", "uv": [ 0.0, 0.0, 0.5, 0.5 ] },
												"down": { "texture": "#spinelred", "uv": [ 0.0, 0.0, 0.5, 0.5 ] }
											}
										},
										{
											"name": "Cube13",
											"from": [ 0.8, 1.5, 0.0 ],
											"to": [ 1.43, 1.8, 0.0 ],
											"rotationOrigin": [ 1.95, 1.5, 0.0 ],
											"rotationX": 0.0,
											"faces": {
												"north": { "texture": "#spinelred", "uv": [ 0.0, 0.0, 0.5, 0.5 ] },
												"east": { "texture": "#spinelred", "uv": [ 0.0, 0.0, 0.5, 0.5 ] },
												"south": { "texture": "#spinelred", "uv": [ 0.0, 0.0, 0.5, 0.5 ] },
												"west": { "texture": "#spinelred", "uv": [ 0.0, 0.0, 0.5, 0.5 ] },
												"up": { "texture": "#spinelred", "uv": [ 0.0, 0.0, 0.5, 0.5 ] },
												"down": { "texture": "#spinelred", "uv": [ 0.0, 0.0, 0.5, 0.5 ] }
											}
										}
									]
								},
								{
									"name": "Cube14",
									"from": [ 0.6, 0.0, 0.0 ],
									"to": [ 2.9, 0.3, 0.0 ],
									"rotationOrigin": [ 1.75, 0.0, 0.0 ],
									"rotationX": 90.0,
									"rotationY": -55.0,
									"rotationZ": 90.0,
									"faces": {
										"north": { "texture": "#spinelred", "uv": [ 0.0, 0.0, 2.0, 0.5 ] },
										"east": { "texture": "#spinelred", "uv": [ 0.0, 0.0, 0.5, 0.5 ] },
										"south": { "texture": "#spinelred", "uv": [ 0.0, 0.0, 2.0, 0.5 ] },
										"west": { "texture": "#spinelred", "uv": [ 0.0, 0.0, 0.5, 0.5 ] },
										"up": { "texture": "#spinelred", "uv": [ 0.0, 0.0, 2.0, 0.5 ] },
										"down": { "texture": "#spinelred", "uv": [ 0.0, 0.0, 2.0, 0.5 ] }
									},
									"children": [
										{
											"name": "Cube15",
											"from": [ 0.15, 0.3, 0.0 ],
											"to": [ 2.15, 0.6, 0.0 ],
											"rotationOrigin": [ 1.25, 0.3, 0.0 ],
											"rotationX": 0.0,
											"faces": {
												"north": { "texture": "#spinelred", "uv": [ 0.0, 0.0, 2.0, 0.5 ] },
												"east": { "texture": "#spinelred", "uv": [ 0.0, 0.0, 0.5, 0.5 ] },
												"south": { "texture": "#spinelred", "uv": [ 0.0, 0.0, 2.0, 0.5 ] },
												"west": { "texture": "#spinelred", "uv": [ 0.0, 0.0, 0.5, 0.5 ] },
												"up": { "texture": "#spinelred", "uv": [ 0.0, 0.0, 2.0, 0.5 ] },
												"down": { "texture": "#spinelred", "uv": [ 0.0, 0.0, 2.0, 0.5 ] }
											}
										},
										{
											"name": "Cube16",
											"from": [ 0.4, 0.6, 0.0 ],
											"to": [ 1.95, 0.9, 0.0 ],
											"rotationOrigin": [ 1.55, 0.6, 0.0 ],
											"rotationX": 0.0,
											"faces": {
												"north": { "texture": "#spinelred", "uv": [ 0.0, 0.0, 1.5, 0.5 ] },
												"east": { "texture": "#spinelred", "uv": [ 0.0, 0.0, 0.5, 0.5 ] },
												"south": { "texture": "#spinelred", "uv": [ 0.0, 0.0, 1.5, 0.5 ] },
												"west": { "texture": "#spinelred", "uv": [ 0.0, 0.0, 0.5, 0.5 ] },
												"up": { "texture": "#spinelred", "uv": [ 0.0, 0.0, 1.5, 0.5 ] },
												"down": { "texture": "#spinelred", "uv": [ 0.0, 0.0, 1.5, 0.5 ] }
											}
										},
										{
											"name": "Cube17",
											"from": [ 0.53, 0.9, 0.0 ],
											"to": [ 1.78, 1.2, 0.0 ],
											"rotationOrigin": [ 1.65, 0.9, 0.0 ],
											"rotationX": 0.0,
											"faces": {
												"north": { "texture": "#spinelred", "uv": [ 0.0, 0.0, 1.0, 0.5 ] },
												"east": { "texture": "#spinelred", "uv": [ 0.0, 0.0, 0.5, 0.5 ] },
												"south": { "texture": "#spinelred", "uv": [ 0.0, 0.0, 1.0, 0.5 ] },
												"west": { "texture": "#spinelred", "uv": [ 0.0, 0.0, 0.5, 0.5 ] },
												"up": { "texture": "#spinelred", "uv": [ 0.0, 0.0, 1.0, 0.5 ] },
												"down": { "texture": "#spinelred", "uv": [ 0.0, 0.0, 1.0, 0.5 ] }
											}
										},
										{
											"name": "Cube18",
											"from": [ 0.7, 1.2, 0.0 ],
											"to": [ 1.6, 1.5, 0.0 ],
											"rotationOrigin": [ 1.85, 1.2, 0.0 ],
											"rotationX": 0.0,
											"faces": {
												"north": { "texture": "#spinelred", "uv": [ 0.0, 0.0, 0.5, 0.5 ] },
												"east": { "texture": "#spinelred", "uv": [ 0.0, 0.0, 0.5, 0.5 ] },
												"south": { "texture": "#spinelred", "uv": [ 0.0, 0.0, 0.5, 0.5 ] },
												"west": { "texture": "#spinelred", "uv": [ 0.0, 0.0, 0.5, 0.5 ] },
												"up": { "texture": "#spinelred", "uv": [ 0.0, 0.0, 0.5, 0.5 ] },
												"down": { "texture": "#spinelred", "uv": [ 0.0, 0.0, 0.5, 0.5 ] }
											}
										},
										{
											"name": "Cube19",
											"from": [ 0.87, 1.5, 0.0 ],
											"to": [ 1.43, 1.8, 0.0 ],
											"rotationOrigin": [ 1.95, 1.5, 0.0 ],
											"rotationX": 0.0,
											"faces": {
												"north": { "texture": "#spinelred", "uv": [ 0.0, 0.0, 0.5, 0.5 ] },
												"east": { "texture": "#spinelred", "uv": [ 0.0, 0.0, 0.5, 0.5 ] },
												"south": { "texture": "#spinelred", "uv": [ 0.0, 0.0, 0.5, 0.5 ] },
												"west": { "texture": "#spinelred", "uv": [ 0.0, 0.0, 0.5, 0.5 ] },
												"up": { "texture": "#spinelred", "uv": [ 0.0, 0.0, 0.5, 0.5 ] },
												"down": { "texture": "#spinelred", "uv": [ 0.0, 0.0, 0.5, 0.5 ] }
											}
										}
									]
								}
							]
						},
						{
							"name": "spinelsideroot2",
							"from": [ 0.0, 0.0, 0.0 ],
							"to": [ 0.0, 0.0, 0.0 ],
							"rotationOrigin": [ 0.25, 0.0, 0.0 ],
							"rotationY": -135.0,
							"faces": {
							},
							"children": [
								{
									"name": "Cube20",
									"from": [ -0.9, 0.0, -1.5 ],
									"to": [ 1.4, 0.3, -1.5 ],
									"rotationOrigin": [ 0.25, 0.0, -1.5 ],
									"rotationX": 35.0,
									"faces": {
										"north": { "texture": "#spinelred", "uv": [ 0.0, 0.0, 2.0, 0.5 ] },
										"east": { "texture": "#spinelred", "uv": [ 0.0, 0.0, 0.5, 0.5 ] },
										"south": { "texture": "#spinelred", "uv": [ 0.0, 0.0, 2.0, 0.5 ] },
										"west": { "texture": "#spinelred", "uv": [ 0.0, 0.0, 0.5, 0.5 ] },
										"up": { "texture": "#spinelred", "uv": [ 0.0, 0.0, 2.0, 0.5 ] },
										"down": { "texture": "#spinelred", "uv": [ 0.0, 0.0, 2.0, 0.5 ] }
									},
									"children": [
										{
											"name": "Cube21",
											"from": [ 0.2, 0.3, 0.0 ],
											"to": [ 2.1, 0.6, 0.0 ],
											"rotationOrigin": [ 1.35, 0.3, 0.0 ],
											"rotationX": 0.0,
											"faces": {
												"north": { "texture": "#spinelred", "uv": [ 0.0, 0.0, 1.5, 0.5 ] },
												"east": { "texture": "#spinelred", "uv": [ 0.0, 0.0, 0.5, 0.5 ] },
												"south": { "texture": "#spinelred", "uv": [ 0.0, 0.0, 1.5, 0.5 ] },
												"west": { "texture": "#spinelred", "uv": [ 0.0, 0.0, 0.5, 0.5 ] },
												"up": { "texture": "#spinelred", "uv": [ 0.0, 0.0, 1.5, 0.5 ] },
												"down": { "texture": "#spinelred", "uv": [ 0.0, 0.0, 1.5, 0.5 ] }
											}
										},
										{
											"name": "Cube22",
											"from": [ 0.35, 0.6, 0.0 ],
											"to": [ 1.95, 0.9, 0.0 ],
											"rotationOrigin": [ 1.55, 0.6, 0.0 ],
											"rotationX": 0.0,
											"faces": {
												"north": { "texture": "#spinelred", "uv": [ 0.0, 0.0, 1.5, 0.5 ] },
												"east": { "texture": "#spinelred", "uv": [ 0.0, 0.0, 0.5, 0.5 ] },
												"south": { "texture": "#spinelred", "uv": [ 0.0, 0.0, 1.5, 0.5 ] },
												"west": { "texture": "#spinelred", "uv": [ 0.0, 0.0, 0.5, 0.5 ] },
												"up": { "texture": "#spinelred", "uv": [ 0.0, 0.0, 1.5, 0.5 ] },
												"down": { "texture": "#spinelred", "uv": [ 0.0, 0.0, 1.5, 0.5 ] }
											}
										},
										{
											"name": "Cube23",
											"from": [ 0.52, 0.9, 0.0 ],
											"to": [ 1.79, 1.2, 0.0 ],
											"rotationOrigin": [ 1.55, 0.9, 0.0 ],
											"rotationX": 0.0,
											"faces": {
												"north": { "texture": "#spinelred", "uv": [ 0.0, 0.0, 1.0, 0.5 ] },
												"east": { "texture": "#spinelred", "uv": [ 0.0, 0.0, 0.5, 0.5 ] },
												"south": { "texture": "#spinelred", "uv": [ 0.0, 0.0, 1.0, 0.5 ] },
												"west": { "texture": "#spinelred", "uv": [ 0.0, 0.0, 0.5, 0.5 ] },
												"up": { "texture": "#spinelred", "uv": [ 0.0, 0.0, 1.0, 0.5 ] },
												"down": { "texture": "#spinelred", "uv": [ 0.0, 0.0, 1.0, 0.5 ] }
											}
										},
										{
											"name": "Cube24",
											"from": [ 0.7, 1.2, 0.0 ],
											"to": [ 1.6, 1.5, 0.0 ],
											"rotationOrigin": [ 1.85, 1.2, 0.0 ],
											"rotationX": 0.0,
											"faces": {
												"north": { "texture": "#spinelred", "uv": [ 0.0, 0.0, 0.5, 0.5 ] },
												"east": { "texture": "#spinelred", "uv": [ 0.0, 0.0, 0.5, 0.5 ] },
												"south": { "texture": "#spinelred", "uv": [ 0.0, 0.0, 0.5, 0.5 ] },
												"west": { "texture": "#spinelred", "uv": [ 0.0, 0.0, 0.5, 0.5 ] },
												"up": { "texture": "#spinelred", "uv": [ 0.0, 0.0, 0.5, 0.5 ] },
												"down": { "texture": "#spinelred", "uv": [ 0.0, 0.0, 0.5, 0.5 ] }
											}
										},
										{
											"name": "Cube25",
											"from": [ 0.87, 1.5, 0.0 ],
											"to": [ 1.44, 1.8, 0.0 ],
											"rotationOrigin": [ 1.95, 1.5, 0.0 ],
											"rotationX": 0.0,
											"faces": {
												"north": { "texture": "#spinelred", "uv": [ 0.0, 0.0, 0.5, 0.5 ] },
												"east": { "texture": "#spinelred", "uv": [ 0.0, 0.0, 0.5, 0.5 ] },
												"south": { "texture": "#spinelred", "uv": [ 0.0, 0.0, 0.5, 0.5 ] },
												"west": { "texture": "#spinelred", "uv": [ 0.0, 0.0, 0.5, 0.5 ] },
												"up": { "texture": "#spinelred", "uv": [ 0.0, 0.0, 0.5, 0.5 ] },
												"down": { "texture": "#spinelred", "uv": [ 0.0, 0.0, 0.5, 0.5 ] }
											}
										}
									]
								},
								{
									"name": "Cube26",
									"from": [ 0.6, 0.0, 0.0 ],
									"to": [ 2.9, 0.3, 0.0 ],
									"rotationOrigin": [ 1.75, 0.0, 0.0 ],
									"rotationX": 90.0,
									"rotationY": -55.0,
									"rotationZ": 90.0,
									"faces": {
										"north": { "texture": "#spinelred", "uv": [ 0.0, 0.0, 2.0, 0.5 ] },
										"east": { "texture": "#spinelred", "uv": [ 0.0, 0.0, 0.5, 0.5 ] },
										"south": { "texture": "#spinelred", "uv": [ 0.0, 0.0, 2.0, 0.5 ] },
										"west": { "texture": "#spinelred", "uv": [ 0.0, 0.0, 0.5, 0.5 ] },
										"up": { "texture": "#spinelred", "uv": [ 0.0, 0.0, 2.0, 0.5 ] },
										"down": { "texture": "#spinelred", "uv": [ 0.0, 0.0, 2.0, 0.5 ] }
									},
									"children": [
										{
											"name": "Cube27",
											"from": [ 0.15, 0.3, 0.0 ],
											"to": [ 2.15, 0.6, 0.0 ],
											"rotationOrigin": [ 1.25, 0.3, 0.0 ],
											"rotationX": 0.0,
											"faces": {
												"north": { "texture": "#spinelred", "uv": [ 0.0, 0.0, 2.0, 0.5 ] },
												"east": { "texture": "#spinelred", "uv": [ 0.0, 0.0, 0.5, 0.5 ] },
												"south": { "texture": "#spinelred", "uv": [ 0.0, 0.0, 2.0, 0.5 ] },
												"west": { "texture": "#spinelred", "uv": [ 0.0, 0.0, 0.5, 0.5 ] },
												"up": { "texture": "#spinelred", "uv": [ 0.0, 0.0, 2.0, 0.5 ] },
												"down": { "texture": "#spinelred", "uv": [ 0.0, 0.0, 2.0, 0.5 ] }
											}
										},
										{
											"name": "Cube28",
											"from": [ 0.35, 0.6, 0.0 ],
											"to": [ 1.9, 0.9, 0.0 ],
											"rotationOrigin": [ 1.45, 0.6, 0.0 ],
											"rotationX": 0.0,
											"faces": {
												"north": { "texture": "#spinelred", "uv": [ 0.0, 0.0, 1.5, 0.5 ] },
												"east": { "texture": "#spinelred", "uv": [ 0.0, 0.0, 0.5, 0.5 ] },
												"south": { "texture": "#spinelred", "uv": [ 0.0, 0.0, 1.5, 0.5 ] },
												"west": { "texture": "#spinelred", "uv": [ 0.0, 0.0, 0.5, 0.5 ] },
												"up": { "texture": "#spinelred", "uv": [ 0.0, 0.0, 1.5, 0.5 ] },
												"down": { "texture": "#spinelred", "uv": [ 0.0, 0.0, 1.5, 0.5 ] }
											}
										},
										{
											"name": "Cube29",
											"from": [ 0.53, 0.9, 0.0 ],
											"to": [ 1.78, 1.2, 0.0 ],
											"rotationOrigin": [ 1.65, 0.9, 0.0 ],
											"rotationX": 0.0,
											"faces": {
												"north": { "texture": "#spinelred", "uv": [ 0.0, 0.0, 1.0, 0.5 ] },
												"east": { "texture": "#spinelred", "uv": [ 0.0, 0.0, 0.5, 0.5 ] },
												"south": { "texture": "#spinelred", "uv": [ 0.0, 0.0, 1.0, 0.5 ] },
												"west": { "texture": "#spinelred", "uv": [ 0.0, 0.0, 0.5, 0.5 ] },
												"up": { "texture": "#spinelred", "uv": [ 0.0, 0.0, 1.0, 0.5 ] },
												"down": { "texture": "#spinelred", "uv": [ 0.0, 0.0, 1.0, 0.5 ] }
											}
										},
										{
											"name": "Cube30",
											"from": [ 0.7, 1.2, 0.0 ],
											"to": [ 1.6, 1.5, 0.0 ],
											"rotationOrigin": [ 1.85, 1.2, 0.0 ],
											"rotationX": 0.0,
											"faces": {
												"north": { "texture": "#spinelred", "uv": [ 0.0, 0.0, 0.5, 0.5 ] },
												"east": { "texture": "#spinelred", "uv": [ 0.0, 0.0, 0.5, 0.5 ] },
												"south": { "texture": "#spinelred", "uv": [ 0.0, 0.0, 0.5, 0.5 ] },
												"west": { "texture": "#spinelred", "uv": [ 0.0, 0.0, 0.5, 0.5 ] },
												"up": { "texture": "#spinelred", "uv": [ 0.0, 0.0, 0.5, 0.5 ] },
												"down": { "texture": "#spinelred", "uv": [ 0.0, 0.0, 0.5, 0.5 ] }
											}
										},
										{
											"name": "Cube31",
											"from": [ 0.87, 1.5, 0.0 ],
											"to": [ 1.43, 1.8, 0.0 ],
											"rotationOrigin": [ 1.95, 1.5, 0.0 ],
											"rotationX": 0.0,
											"faces": {
												"north": { "texture": "#spinelred", "uv": [ 0.0, 0.0, 0.5, 0.5 ] },
												"east": { "texture": "#spinelred", "uv": [ 0.0, 0.0, 0.5, 0.5 ] },
												"south": { "texture": "#spinelred", "uv": [ 0.0, 0.0, 0.5, 0.5 ] },
												"west": { "texture": "#spinelred", "uv": [ 0.0, 0.0, 0.5, 0.5 ] },
												"up": { "texture": "#spinelred", "uv": [ 0.0, 0.0, 0.5, 0.5 ] },
												"down": { "texture": "#spinelred", "uv": [ 0.0, 0.0, 0.5, 0.5 ] }
											}
										}
									]
								}
							]
						}
					]
				},
				{
					"name": "spinelroot2",
					"from": [ -0.19, 0.02, 0.0 ],
					"to": [ -0.19, 0.02, 0.0 ],
					"rotationOrigin": [ 0.05, 0.0, 0.0 ],
					"rotationX": 0.0,
					"rotationY": -45.0,
					"rotationZ": -180.0,
					"faces": {
					},
					"children": [
						{
							"name": "Cube32",
							"from": [ 0.0, 0.0, -2.0 ],
							"to": [ 0.5, 2.5, -1.5 ],
							"rotationOrigin": [ 0.25, 0.0, -2.0 ],
							"rotationX": 45.0,
							"faces": {
								"north": { "texture": "#spinelred", "uv": [ 0.0, 0.0, 0.5, 2.5 ] },
								"east": { "texture": "#spinelred", "uv": [ 0.0, 0.0, 0.5, 2.5 ] },
								"south": { "texture": "#spinelred", "uv": [ 0.0, 0.0, 0.5, 2.5 ] },
								"west": { "texture": "#spinelred", "uv": [ 0.0, 0.0, 0.5, 2.5 ] },
								"up": { "texture": "#spinelred", "uv": [ 0.0, 0.0, 0.5, 0.5 ] },
								"down": { "texture": "#spinelred", "uv": [ 0.0, 0.0, 0.5, 0.5 ] }
							}
						},
						{
							"name": "Cube33",
							"from": [ -2.05, 0.0, 0.0 ],
							"to": [ -1.55, 2.5, 0.5 ],
							"rotationOrigin": [ -1.8, 0.0, 0.0 ],
							"rotationX": 90.0,
							"rotationY": 45.0,
							"rotationZ": -90.0,
							"faces": {
								"north": { "texture": "#spinelred", "uv": [ 0.0, 0.0, 0.5, 2.5 ] },
								"east": { "texture": "#spinelred", "uv": [ 0.0, 0.0, 0.5, 2.5 ] },
								"south": { "texture": "#spinelred", "uv": [ 0.0, 0.0, 0.5, 2.5 ] },
								"west": { "texture": "#spinelred", "uv": [ 0.0, 0.0, 0.5, 2.5 ] },
								"up": { "texture": "#spinelred", "uv": [ 0.0, 0.0, 0.5, 0.5 ] },
								"down": { "texture": "#spinelred", "uv": [ 0.0, 0.0, 0.5, 0.5 ] }
							}
						},
						{
							"name": "Cube34",
							"from": [ 0.0, 0.0, 2.0 ],
							"to": [ 0.5, 2.5, 2.5 ],
							"rotationOrigin": [ 0.25, 0.0, 2.0 ],
							"rotationX": 135.0,
							"rotationZ": -180.0,
							"faces": {
								"north": { "texture": "#spinelred", "uv": [ 0.0, 0.0, 0.5, 2.5 ] },
								"east": { "texture": "#spinelred", "uv": [ 0.0, 0.0, 0.5, 2.5 ] },
								"south": { "texture": "#spinelred", "uv": [ 0.0, 0.0, 0.5, 2.5 ] },
								"west": { "texture": "#spinelred", "uv": [ 0.0, 0.0, 0.5, 2.5 ] },
								"up": { "texture": "#spinelred", "uv": [ 0.0, 0.0, 0.5, 0.5 ] },
								"down": { "texture": "#spinelred", "uv": [ 0.0, 0.0, 0.5, 0.5 ] }
							}
						},
						{
							"name": "Cube35",
							"from": [ 2.0, 0.0, 0.0 ],
							"to": [ 2.5, 2.5, 0.5 ],
							"rotationOrigin": [ 2.25, 0.0, 0.0 ],
							"rotationX": 90.0,
							"rotationY": -45.0,
							"rotationZ": 90.0,
							"faces": {
								"north": { "texture": "#spinelred", "uv": [ 0.0, 0.0, 0.5, 2.5 ] },
								"east": { "texture": "#spinelred", "uv": [ 0.0, 0.0, 0.5, 2.5 ] },
								"south": { "texture": "#spinelred", "uv": [ 0.0, 0.0, 0.5, 2.5 ] },
								"west": { "texture": "#spinelred", "uv": [ 0.0, 0.0, 0.5, 2.5 ] },
								"up": { "texture": "#spinelred", "uv": [ 0.0, 0.0, 0.5, 0.5 ] },
								"down": { "texture": "#spinelred", "uv": [ 0.0, 0.0, 0.5, 0.5 ] }
							}
						},
						{
							"name": "Cube36",
							"from": [ 0.2, 1.25, 0.0 ],
							"to": [ 0.7, 1.75, 0.5 ],
							"rotationOrigin": [ 0.45, 1.2, 0.0 ],
							"rotationX": 90.0,
							"rotationY": -90.0,
							"rotationZ": 90.0,
							"faces": {
								"north": { "texture": "#spinelred", "uv": [ 0.0, 0.0, 0.5, 0.5 ] },
								"east": { "texture": "#spinelred", "uv": [ 0.0, 0.0, 0.5, 0.5 ] },
								"south": { "texture": "#spinelred", "uv": [ 0.0, 0.0, 0.5, 0.5 ] },
								"west": { "texture": "#spinelred", "uv": [ 0.0, 0.0, 0.5, 0.5 ] },
								"up": { "texture": "#spinelred", "uv": [ 0.0, 0.0, 0.5, 0.5 ] },
								"down": { "texture": "#spinelred", "uv": [ 0.0, 0.0, 0.5, 0.5 ] }
							}
						},
						{
							"name": "spinelsideroot3",
							"from": [ 0.0, 0.0, 0.0 ],
							"to": [ 0.0, 0.0, 0.0 ],
							"rotationOrigin": [ 0.25, 0.0, 0.0 ],
							"rotationY": 45.0,
							"faces": {
							},
							"children": [
								{
									"name": "Cube37",
									"from": [ -0.9, 0.0, -1.5 ],
									"to": [ 1.4, 0.3, -1.5 ],
									"rotationOrigin": [ 0.25, 0.0, -1.5 ],
									"rotationX": 35.0,
									"faces": {
										"north": { "texture": "#spinelred", "uv": [ 0.0, 0.0, 2.0, 0.5 ] },
										"east": { "texture": "#spinelred", "uv": [ 0.0, 0.0, 0.5, 0.5 ] },
										"south": { "texture": "#spinelred", "uv": [ 0.0, 0.0, 2.0, 0.5 ] },
										"west": { "texture": "#spinelred", "uv": [ 0.0, 0.0, 0.5, 0.5 ] },
										"up": { "texture": "#spinelred", "uv": [ 0.0, 0.0, 2.0, 0.5 ] },
										"down": { "texture": "#spinelred", "uv": [ 0.0, 0.0, 2.0, 0.5 ] }
									},
									"children": [
										{
											"name": "Cube38",
											"from": [ 0.1, 0.3, 0.0 ],
											"to": [ 2.2, 0.6, 0.0 ],
											"rotationOrigin": [ 1.25, 0.3, 0.0 ],
											"rotationX": 0.0,
											"faces": {
												"north": { "texture": "#spinelred", "uv": [ 0.0, 0.0, 2.0, 0.5 ] },
												"east": { "texture": "#spinelred", "uv": [ 0.0, 0.0, 0.5, 0.5 ] },
												"south": { "texture": "#spinelred", "uv": [ 0.0, 0.0, 2.0, 0.5 ] },
												"west": { "texture": "#spinelred", "uv": [ 0.0, 0.0, 0.5, 0.5 ] },
												"up": { "texture": "#spinelred", "uv": [ 0.0, 0.0, 2.0, 0.5 ] },
												"down": { "texture": "#spinelred", "uv": [ 0.0, 0.0, 2.0, 0.5 ] }
											}
										},
										{
											"name": "Cube39",
											"from": [ 0.3, 0.6, 0.0 ],
											"to": [ 1.95, 0.9, 0.0 ],
											"rotationOrigin": [ 1.45, 0.6, 0.0 ],
											"rotationX": 0.0,
											"faces": {
												"north": { "texture": "#spinelred", "uv": [ 0.0, 0.0, 1.5, 0.5 ] },
												"east": { "texture": "#spinelred", "uv": [ 0.0, 0.0, 0.5, 0.5 ] },
												"south": { "texture": "#spinelred", "uv": [ 0.0, 0.0, 1.5, 0.5 ] },
												"west": { "texture": "#spinelred", "uv": [ 0.0, 0.0, 0.5, 0.5 ] },
												"up": { "texture": "#spinelred", "uv": [ 0.0, 0.0, 1.5, 0.5 ] },
												"down": { "texture": "#spinelred", "uv": [ 0.0, 0.0, 1.5, 0.5 ] }
											}
										},
										{
											"name": "Cube40",
											"from": [ 0.5, 0.9, 0.0 ],
											"to": [ 1.75, 1.2, 0.0 ],
											"rotationOrigin": [ 1.65, 0.9, 0.0 ],
											"rotationX": 0.0,
											"faces": {
												"north": { "texture": "#spinelred", "uv": [ 0.0, 0.0, 1.0, 0.5 ] },
												"east": { "texture": "#spinelred", "uv": [ 0.0, 0.0, 0.5, 0.5 ] },
												"south": { "texture": "#spinelred", "uv": [ 0.0, 0.0, 1.0, 0.5 ] },
												"west": { "texture": "#spinelred", "uv": [ 0.0, 0.0, 0.5, 0.5 ] },
												"up": { "texture": "#spinelred", "uv": [ 0.0, 0.0, 1.0, 0.5 ] },
												"down": { "texture": "#spinelred", "uv": [ 0.0, 0.0, 1.0, 0.5 ] }
											}
										},
										{
											"name": "Cube41",
											"from": [ 0.7, 1.2, 0.0 ],
											"to": [ 1.6, 1.5, 0.0 ],
											"rotationOrigin": [ 1.85, 1.2, 0.0 ],
											"rotationX": 0.0,
											"faces": {
												"north": { "texture": "#spinelred", "uv": [ 0.0, 0.0, 0.5, 0.5 ] },
												"east": { "texture": "#spinelred", "uv": [ 0.0, 0.0, 0.5, 0.5 ] },
												"south": { "texture": "#spinelred", "uv": [ 0.0, 0.0, 0.5, 0.5 ] },
												"west": { "texture": "#spinelred", "uv": [ 0.0, 0.0, 0.5, 0.5 ] },
												"up": { "texture": "#spinelred", "uv": [ 0.0, 0.0, 0.5, 0.5 ] },
												"down": { "texture": "#spinelred", "uv": [ 0.0, 0.0, 0.5, 0.5 ] }
											}
										},
										{
											"name": "Cube42",
											"from": [ 0.8, 1.5, 0.0 ],
											"to": [ 1.43, 1.8, 0.0 ],
											"rotationOrigin": [ 1.95, 1.5, 0.0 ],
											"rotationX": 0.0,
											"faces": {
												"north": { "texture": "#spinelred", "uv": [ 0.0, 0.0, 0.5, 0.5 ] },
												"east": { "texture": "#spinelred", "uv": [ 0.0, 0.0, 0.5, 0.5 ] },
												"south": { "texture": "#spinelred", "uv": [ 0.0, 0.0, 0.5, 0.5 ] },
												"west": { "texture": "#spinelred", "uv": [ 0.0, 0.0, 0.5, 0.5 ] },
												"up": { "texture": "#spinelred", "uv": [ 0.0, 0.0, 0.5, 0.5 ] },
												"down": { "texture": "#spinelred", "uv": [ 0.0, 0.0, 0.5, 0.5 ] }
											}
										}
									]
								},
								{
									"name": "Cube43",
									"from": [ 0.6, 0.0, 0.0 ],
									"to": [ 2.9, 0.3, 0.0 ],
									"rotationOrigin": [ 1.75, 0.0, 0.0 ],
									"rotationX": 90.0,
									"rotationY": -55.0,
									"rotationZ": 90.0,
									"faces": {
										"north": { "texture": "#spinelred", "uv": [ 0.0, 0.0, 2.0, 0.5 ] },
										"east": { "texture": "#spinelred", "uv": [ 0.0, 0.0, 0.5, 0.5 ] },
										"south": { "texture": "#spinelred", "uv": [ 0.0, 0.0, 2.0, 0.5 ] },
										"west": { "texture": "#spinelred", "uv": [ 0.0, 0.0, 0.5, 0.5 ] },
										"up": { "texture": "#spinelred", "uv": [ 0.0, 0.0, 2.0, 0.5 ] },
										"down": { "texture": "#spinelred", "uv": [ 0.0, 0.0, 2.0, 0.5 ] }
									},
									"children": [
										{
											"name": "Cube44",
											"from": [ 0.15, 0.3, 0.0 ],
											"to": [ 2.15, 0.6, 0.0 ],
											"rotationOrigin": [ 1.25, 0.3, 0.0 ],
											"rotationX": 0.0,
											"faces": {
												"north": { "texture": "#spinelred", "uv": [ 0.0, 0.0, 2.0, 0.5 ] },
												"east": { "texture": "#spinelred", "uv": [ 0.0, 0.0, 0.5, 0.5 ] },
												"south": { "texture": "#spinelred", "uv": [ 0.0, 0.0, 2.0, 0.5 ] },
												"west": { "texture": "#spinelred", "uv": [ 0.0, 0.0, 0.5, 0.5 ] },
												"up": { "texture": "#spinelred", "uv": [ 0.0, 0.0, 2.0, 0.5 ] },
												"down": { "texture": "#spinelred", "uv": [ 0.0, 0.0, 2.0, 0.5 ] }
											}
										},
										{
											"name": "Cube45",
											"from": [ 0.4, 0.6, 0.0 ],
											"to": [ 1.95, 0.9, 0.0 ],
											"rotationOrigin": [ 1.55, 0.6, 0.0 ],
											"rotationX": 0.0,
											"faces": {
												"north": { "texture": "#spinelred", "uv": [ 0.0, 0.0, 1.5, 0.5 ] },
												"east": { "texture": "#spinelred", "uv": [ 0.0, 0.0, 0.5, 0.5 ] },
												"south": { "texture": "#spinelred", "uv": [ 0.0, 0.0, 1.5, 0.5 ] },
												"west": { "texture": "#spinelred", "uv": [ 0.0, 0.0, 0.5, 0.5 ] },
												"up": { "texture": "#spinelred", "uv": [ 0.0, 0.0, 1.5, 0.5 ] },
												"down": { "texture": "#spinelred", "uv": [ 0.0, 0.0, 1.5, 0.5 ] }
											}
										},
										{
											"name": "Cube46",
											"from": [ 0.53, 0.9, 0.0 ],
											"to": [ 1.78, 1.2, 0.0 ],
											"rotationOrigin": [ 1.65, 0.9, 0.0 ],
											"rotationX": 0.0,
											"faces": {
												"north": { "texture": "#spinelred", "uv": [ 0.0, 0.0, 1.0, 0.5 ] },
												"east": { "texture": "#spinelred", "uv": [ 0.0, 0.0, 0.5, 0.5 ] },
												"south": { "texture": "#spinelred", "uv": [ 0.0, 0.0, 1.0, 0.5 ] },
												"west": { "texture": "#spinelred", "uv": [ 0.0, 0.0, 0.5, 0.5 ] },
												"up": { "texture": "#spinelred", "uv": [ 0.0, 0.0, 1.0, 0.5 ] },
												"down": { "texture": "#spinelred", "uv": [ 0.0, 0.0, 1.0, 0.5 ] }
											}
										},
										{
											"name": "Cube47",
											"from": [ 0.7, 1.2, 0.0 ],
											"to": [ 1.6, 1.5, 0.0 ],
											"rotationOrigin": [ 1.85, 1.2, 0.0 ],
											"rotationX": 0.0,
											"faces": {
												"north": { "texture": "#spinelred", "uv": [ 0.0, 0.0, 0.5, 0.5 ] },
												"east": { "texture": "#spinelred", "uv": [ 0.0, 0.0, 0.5, 0.5 ] },
												"south": { "texture": "#spinelred", "uv": [ 0.0, 0.0, 0.5, 0.5 ] },
												"west": { "texture": "#spinelred", "uv": [ 0.0, 0.0, 0.5, 0.5 ] },
												"up": { "texture": "#spinelred", "uv": [ 0.0, 0.0, 0.5, 0.5 ] },
												"down": { "texture": "#spinelred", "uv": [ 0.0, 0.0, 0.5, 0.5 ] }
											}
										},
										{
											"name": "Cube48",
											"from": [ 0.87, 1.5, 0.0 ],
											"to": [ 1.43, 1.8, 0.0 ],
											"rotationOrigin": [ 1.95, 1.5, 0.0 ],
											"rotationX": 0.0,
											"faces": {
												"north": { "texture": "#spinelred", "uv": [ 0.0, 0.0, 0.5, 0.5 ] },
												"east": { "texture": "#spinelred", "uv": [ 0.0, 0.0, 0.5, 0.5 ] },
												"south": { "texture": "#spinelred", "uv": [ 0.0, 0.0, 0.5, 0.5 ] },
												"west": { "texture": "#spinelred", "uv": [ 0.0, 0.0, 0.5, 0.5 ] },
												"up": { "texture": "#spinelred", "uv": [ 0.0, 0.0, 0.5, 0.5 ] },
												"down": { "texture": "#spinelred", "uv": [ 0.0, 0.0, 0.5, 0.5 ] }
											}
										}
									]
								}
							]
						},
						{
							"name": "spinelsideroot4",
							"from": [ 0.0, 0.0, 0.0 ],
							"to": [ 0.0, 0.0, 0.0 ],
							"rotationOrigin": [ 0.25, 0.0, 0.0 ],
							"rotationY": -135.0,
							"faces": {
							},
							"children": [
								{
									"name": "Cube49",
									"from": [ -0.9, 0.0, -1.5 ],
									"to": [ 1.4, 0.3, -1.5 ],
									"rotationOrigin": [ 0.25, 0.0, -1.5 ],
									"rotationX": 35.0,
									"faces": {
										"north": { "texture": "#spinelred", "uv": [ 0.0, 0.0, 2.0, 0.5 ] },
										"east": { "texture": "#spinelred", "uv": [ 0.0, 0.0, 0.5, 0.5 ] },
										"south": { "texture": "#spinelred", "uv": [ 0.0, 0.0, 2.0, 0.5 ] },
										"west": { "texture": "#spinelred", "uv": [ 0.0, 0.0, 0.5, 0.5 ] },
										"up": { "texture": "#spinelred", "uv": [ 0.0, 0.0, 2.0, 0.5 ] },
										"down": { "texture": "#spinelred", "uv": [ 0.0, 0.0, 2.0, 0.5 ] }
									},
									"children": [
										{
											"name": "Cube50",
											"from": [ 0.2, 0.3, 0.0 ],
											"to": [ 2.1, 0.6, 0.0 ],
											"rotationOrigin": [ 1.35, 0.3, 0.0 ],
											"rotationX": 0.0,
											"faces": {
												"north": { "texture": "#spinelred", "uv": [ 0.0, 0.0, 1.5, 0.5 ] },
												"east": { "texture": "#spinelred", "uv": [ 0.0, 0.0, 0.5, 0.5 ] },
												"south": { "texture": "#spinelred", "uv": [ 0.0, 0.0, 1.5, 0.5 ] },
												"west": { "texture": "#spinelred", "uv": [ 0.0, 0.0, 0.5, 0.5 ] },
												"up": { "texture": "#spinelred", "uv": [ 0.0, 0.0, 1.5, 0.5 ] },
												"down": { "texture": "#spinelred", "uv": [ 0.0, 0.0, 1.5, 0.5 ] }
											}
										},
										{
											"name": "Cube51",
											"from": [ 0.35, 0.6, 0.0 ],
											"to": [ 1.95, 0.9, 0.0 ],
											"rotationOrigin": [ 1.55, 0.6, 0.0 ],
											"rotationX": 0.0,
											"faces": {
												"north": { "texture": "#spinelred", "uv": [ 0.0, 0.0, 1.5, 0.5 ] },
												"east": { "texture": "#spinelred", "uv": [ 0.0, 0.0, 0.5, 0.5 ] },
												"south": { "texture": "#spinelred", "uv": [ 0.0, 0.0, 1.5, 0.5 ] },
												"west": { "texture": "#spinelred", "uv": [ 0.0, 0.0, 0.5, 0.5 ] },
												"up": { "texture": "#spinelred", "uv": [ 0.0, 0.0, 1.5, 0.5 ] },
												"down": { "texture": "#spinelred", "uv": [ 0.0, 0.0, 1.5, 0.5 ] }
											}
										},
										{
											"name": "Cube52",
											"from": [ 0.52, 0.9, 0.0 ],
											"to": [ 1.79, 1.2, 0.0 ],
											"rotationOrigin": [ 1.55, 0.9, 0.0 ],
											"rotationX": 0.0,
											"faces": {
												"north": { "texture": "#spinelred", "uv": [ 0.0, 0.0, 1.0, 0.5 ] },
												"east": { "texture": "#spinelred", "uv": [ 0.0, 0.0, 0.5, 0.5 ] },
												"south": { "texture": "#spinelred", "uv": [ 0.0, 0.0, 1.0, 0.5 ] },
												"west": { "texture": "#spinelred", "uv": [ 0.0, 0.0, 0.5, 0.5 ] },
												"up": { "texture": "#spinelred", "uv": [ 0.0, 0.0, 1.0, 0.5 ] },
												"down": { "texture": "#spinelred", "uv": [ 0.0, 0.0, 1.0, 0.5 ] }
											}
										},
										{
											"name": "Cube53",
											"from": [ 0.7, 1.2, 0.0 ],
											"to": [ 1.6, 1.5, 0.0 ],
											"rotationOrigin": [ 1.85, 1.2, 0.0 ],
											"rotationX": 0.0,
											"faces": {
												"north": { "texture": "#spinelred", "uv": [ 0.0, 0.0, 0.5, 0.5 ] },
												"east": { "texture": "#spinelred", "uv": [ 0.0, 0.0, 0.5, 0.5 ] },
												"south": { "texture": "#spinelred", "uv": [ 0.0, 0.0, 0.5, 0.5 ] },
												"west": { "texture": "#spinelred", "uv": [ 0.0, 0.0, 0.5, 0.5 ] },
												"up": { "texture": "#spinelred", "uv": [ 0.0, 0.0, 0.5, 0.5 ] },
												"down": { "texture": "#spinelred", "uv": [ 0.0, 0.0, 0.5, 0.5 ] }
											}
										},
										{
											"name": "Cube54",
											"from": [ 0.87, 1.5, 0.0 ],
											"to": [ 1.44, 1.8, 0.0 ],
											"rotationOrigin": [ 1.95, 1.5, 0.0 ],
											"rotationX": 0.0,
											"faces": {
												"north": { "texture": "#spinelred", "uv": [ 0.0, 0.0, 0.5, 0.5 ] },
												"east": { "texture": "#spinelred", "uv": [ 0.0, 0.0, 0.5, 0.5 ] },
												"south": { "texture": "#spinelred", "uv": [ 0.0, 0.0, 0.5, 0.5 ] },
												"west": { "texture": "#spinelred", "uv": [ 0.0, 0.0, 0.5, 0.5 ] },
												"up": { "texture": "#spinelred", "uv": [ 0.0, 0.0, 0.5, 0.5 ] },
												"down": { "texture": "#spinelred", "uv": [ 0.0, 0.0, 0.5, 0.5 ] }
											}
										}
									]
								},
								{
									"name": "Cube55",
									"from": [ 0.6, 0.0, 0.0 ],
									"to": [ 2.9, 0.3, 0.0 ],
									"rotationOrigin": [ 1.75, 0.0, 0.0 ],
									"rotationX": 90.0,
									"rotationY": -55.0,
									"rotationZ": 90.0,
									"faces": {
										"north": { "texture": "#spinelred", "uv": [ 0.0, 0.0, 2.0, 0.5 ] },
										"east": { "texture": "#spinelred", "uv": [ 0.0, 0.0, 0.5, 0.5 ] },
										"south": { "texture": "#spinelred", "uv": [ 0.0, 0.0, 2.0, 0.5 ] },
										"west": { "texture": "#spinelred", "uv": [ 0.0, 0.0, 0.5, 0.5 ] },
										"up": { "texture": "#spinelred", "uv": [ 0.0, 0.0, 2.0, 0.5 ] },
										"down": { "texture": "#spinelred", "uv": [ 0.0, 0.0, 2.0, 0.5 ] }
									},
									"children": [
										{
											"name": "Cube56",
											"from": [ 0.15, 0.3, 0.0 ],
											"to": [ 2.15, 0.6, 0.0 ],
											"rotationOrigin": [ 1.25, 0.3, 0.0 ],
											"rotationX": 0.0,
											"faces": {
												"north": { "texture": "#spinelred", "uv": [ 0.0, 0.0, 2.0, 0.5 ] },
												"east": { "texture": "#spinelred", "uv": [ 0.0, 0.0, 0.5, 0.5 ] },
												"south": { "texture": "#spinelred", "uv": [ 0.0, 0.0, 2.0, 0.5 ] },
												"west": { "texture": "#spinelred", "uv": [ 0.0, 0.0, 0.5, 0.5 ] },
												"up": { "texture": "#spinelred", "uv": [ 0.0, 0.0, 2.0, 0.5 ] },
												"down": { "texture": "#spinelred", "uv": [ 0.0, 0.0, 2.0, 0.5 ] }
											}
										},
										{
											"name": "Cube57",
											"from": [ 0.35, 0.6, 0.0 ],
											"to": [ 1.9, 0.9, 0.0 ],
											"rotationOrigin": [ 1.45, 0.6, 0.0 ],
											"rotationX": 0.0,
											"faces": {
												"north": { "texture": "#spinelred", "uv": [ 0.0, 0.0, 1.5, 0.5 ] },
												"east": { "texture": "#spinelred", "uv": [ 0.0, 0.0, 0.5, 0.5 ] },
												"south": { "texture": "#spinelred", "uv": [ 0.0, 0.0, 1.5, 0.5 ] },
												"west": { "texture": "#spinelred", "uv": [ 0.0, 0.0, 0.5, 0.5 ] },
												"up": { "texture": "#spinelred", "uv": [ 0.0, 0.0, 1.5, 0.5 ] },
												"down": { "texture": "#spinelred", "uv": [ 0.0, 0.0, 1.5, 0.5 ] }
											}
										},
										{
											"name": "Cube58",
											"from": [ 0.53, 0.9, 0.0 ],
											"to": [ 1.78, 1.2, 0.0 ],
											"rotationOrigin": [ 1.65, 0.9, 0.0 ],
											"rotationX": 0.0,
											"faces": {
												"north": { "texture": "#spinelred", "uv": [ 0.0, 0.0, 1.0, 0.5 ] },
												"east": { "texture": "#spinelred", "uv": [ 0.0, 0.0, 0.5, 0.5 ] },
												"south": { "texture": "#spinelred", "uv": [ 0.0, 0.0, 1.0, 0.5 ] },
												"west": { "texture": "#spinelred", "uv": [ 0.0, 0.0, 0.5, 0.5 ] },
												"up": { "texture": "#spinelred", "uv": [ 0.0, 0.0, 1.0, 0.5 ] },
												"down": { "texture": "#spinelred", "uv": [ 0.0, 0.0, 1.0, 0.5 ] }
											}
										},
										{
											"name": "Cube59",
											"from": [ 0.7, 1.2, 0.0 ],
											"to": [ 1.6, 1.5, 0.0 ],
											"rotationOrigin": [ 1.85, 1.2, 0.0 ],
											"rotationX": 0.0,
											"faces": {
												"north": { "texture": "#spinelred", "uv": [ 0.0, 0.0, 0.5, 0.5 ] },
												"east": { "texture": "#spinelred", "uv": [ 0.0, 0.0, 0.5, 0.5 ] },
												"south": { "texture": "#spinelred", "uv": [ 0.0, 0.0, 0.5, 0.5 ] },
												"west": { "texture": "#spinelred", "uv": [ 0.0, 0.0, 0.5, 0.5 ] },
												"up": { "texture": "#spinelred", "uv": [ 0.0, 0.0, 0.5, 0.5 ] },
												"down": { "texture": "#spinelred", "uv": [ 0.0, 0.0, 0.5, 0.5 ] }
											}
										},
										{
											"name": "Cube60",
											"from": [ 0.87, 1.5, 0.0 ],
											"to": [ 1.43, 1.8, 0.0 ],
											"rotationOrigin": [ 1.95, 1.5, 0.0 ],
											"rotationX": 0.0,
											"faces": {
												"north": { "texture": "#spinelred", "uv": [ 0.0, 0.0, 0.5, 0.5 ] },
												"east": { "texture": "#spinelred", "uv": [ 0.0, 0.0, 0.5, 0.5 ] },
												"south": { "texture": "#spinelred", "uv": [ 0.0, 0.0, 0.5, 0.5 ] },
												"west": { "texture": "#spinelred", "uv": [ 0.0, 0.0, 0.5, 0.5 ] },
												"up": { "texture": "#spinelred", "uv": [ 0.0, 0.0, 0.5, 0.5 ] },
												"down": { "texture": "#spinelred", "uv": [ 0.0, 0.0, 0.5, 0.5 ] }
											}
										}
									]
								}
							]
						},
						{
							"name": "Cube2",
							"from": [ -0.8, -0.05, -0.3 ],
							"to": [ 1.8, 0.15, 2.3 ],
							"rotationOrigin": [ -0.8, 0.1, 0.7 ],
							"rotationY": 45.0,
							"faces": {
								"north": { "texture": "#spinelred", "uv": [ 0.0, 0.0, 2.5, 0.5 ] },
								"east": { "texture": "#spinelred", "uv": [ 0.0, 0.0, 2.5, 0.5 ] },
								"south": { "texture": "#spinelred", "uv": [ 0.0, 0.0, 2.5, 0.5 ] },
								"west": { "texture": "#spinelred", "uv": [ 0.0, 0.0, 2.5, 0.5 ] },
								"up": { "texture": "#spinelred", "uv": [ 0.0, 0.0, 2.5, 2.5 ] },
								"down": { "texture": "#spinelred", "uv": [ 0.0, 0.0, 2.5, 2.5 ] }
							}
						}
					]
				}
			]
		}
	]}