{
	"editor": {
		"allAngles": false,
		"entityTextureMode": false
	},
	"textureWidth": 16,
	"textureHeight": 16,
	"textureSizes": {
	},
	"textures": {
		"tourmalinerubellite": "item/resource/ungraded/tourmalinerubellite"
	},
	"elements": [
		{
			"name": "Cube2",
			"from": [ 6.5, 0.0, 7.5 ],
			"to": [ 8.498, 6.0, 9.498 ],
			"rotationOrigin": [ 7.85, 0.0, 8.0 ],
			"faces": {
				"north": { "texture": "#tourmalinerubellite", "uv": [ 11.0, 3.5, 12.5, 7.5 ] },
				"east": { "texture": "#tourmalinerubellite", "uv": [ 7.5, 4.0, 9.0, 8.0 ] },
				"south": { "texture": "#tourmalinerubellite", "uv": [ 10.0, 3.0, 11.5, 7.0 ] },
				"west": { "texture": "#tourmalinerubellite", "uv": [ 3.5, 3.0, 5.0, 7.0 ] },
				"up": { "texture": "#tourmalinerubellite", "uv": [ 8.5, 7.5, 10.0, 9.0 ] },
				"down": { "texture": "#tourmalinerubellite", "uv": [ 11.0, 10.0, 12.5, 11.5 ] }
			},
			"children": [
				{
					"name": "Cube3",
					"from": [ 0.3663, 0.0067, -1.3653 ],
					"to": [ 2.3643, 6.0067, 0.6327 ],
					"rotationOrigin": [ 1.3653, 0.666, -0.3663 ],
					"rotationY": -30.0,
					"faces": {
						"north": { "texture": "#tourmalinerubellite", "uv": [ 2.0, 4.0, 3.5, 8.0 ] },
						"east": { "texture": "#tourmalinerubellite", "uv": [ 10.5, 4.0, 12.0, 8.0 ] },
						"south": { "texture": "#tourmalinerubellite", "uv": [ 7.0, 1.5, 8.5, 5.5 ] },
						"west": { "texture": "#tourmalinerubellite", "uv": [ 12.5, 4.0, 14.0, 8.0 ] },
						"up": { "texture": "#tourmalinerubellite", "uv": [ 7.5, 6.5, 9.0, 8.0 ] },
						"down": { "texture": "#tourmalinerubellite", "uv": [ 5.0, 11.0, 6.5, 12.5 ] }
					}
				},
				{
					"name": "Cube4",
					"from": [ 1.3653, 0.0133, -0.3663 ],
					"to": [ 3.3633, 6.0133, 1.6317 ],
					"rotationOrigin": [ 2.3643, 0.666, 0.6327 ],
					"rotationY": -60.0,
					"faces": {
						"north": { "texture": "#tourmalinerubellite", "uv": [ 12.5, 3.0, 14.0, 7.0 ] },
						"east": { "texture": "#tourmalinerubellite", "uv": [ 9.0, 5.5, 10.5, 9.5 ] },
						"south": { "texture": "#tourmalinerubellite", "uv": [ 11.5, 3.5, 13.0, 7.5 ] },
						"west": { "texture": "#tourmalinerubellite", "uv": [ 10.5, 3.5, 12.0, 7.5 ] },
						"up": { "texture": "#tourmalinerubellite", "uv": [ 6.0, 3.0, 7.5, 4.5 ] },
						"down": { "texture": "#tourmalinerubellite", "uv": [ 4.5, 6.0, 6.0, 7.5 ] }
					}
				}
			]
		}
	]}